date,Cash Reserve Ratio,Statutory Liquidity Ratio,Cash-Deposit Ratio,Credit-Deposit Ratio,Incremental Credit-Deposit Ratio,Investment-Deposit Ratio,Incremental Investment-Deposit Ratio,Policy Repo Rate,Reverse Repo Rate,Marginal Standing Facility (MSF) Rate,Bank Rate,Base Rate,Term Deposit Rate >1 Year,Savings Deposit Rate,Call Money Rate (Weighted Average),91-Day Treasury Bill (Primary) Yield,182-Day Treasury Bill (Primary) Yield,364-Day Treasury Bill (Primary) Yield,INR-US$ Spot Rate ( Rs. Per Foreign Currency),INR-Euro Spot Rate ( Rs. Per Foreign Currency),Forward Premia of US$ 1-month,Forward Premia of US$ 3-month,Forward Premia of US$ 6-month,MCLR (Overnight),10-Year G-Sec Par Yield (FBIL)
"Jan. 10, 2020",4.00,18.25, , , , , ,5.15,4.90,5.40,5.40,8.45/9.40,6.10/6.40,3.25/3.50,4.92,5.05,5.21,5.29,71.11,79.00,3.71,4.11,4.20,7.50/7.95,6.84
"Jan. 3, 2020",4.00,18.50,4.71,76.04,42.90,28.61,62.64,5.15,4.90,5.40,5.40,8.45/9.40,6.20/6.40,3.25/3.50,5.05,4.94,5.22,5.30,71.69,80.05,3.68,3.93,4.27,7.65/7.95,6.73
"Dec. 27, 2019",4.00,18.50,-,-,-,-,-,5.15,4.90,5.40,5.40,8.45/9.40,6.20/6.40,3.25/3.50,5.11,5.03,5.22,5.30,71.22,79.19,3.96,3.90,4.38,7.65/8.00,6.74
"Dec. 20, 2019",4.00,18.50,4.95,76.47,40.23,28.63,79.41,5.15,4.90,5.40,5.40,8.45/9.40,6.20/6.40,3.25/3.50,5.06,5.01,5.19,5.27,71.16,79.11,3.88,3.82,4.33,7.65/8.00,6.81
"Dec. 13, 2019",4.00,18.50,-,-,-,-,-,5.15,4.90,5.40,5.40,8.95/9.40,6.20/6.40,3.25/3.50,4.98,5.00,5.19,5.25,70.72,78.97,3.65,3.73,4.30,7.65/8.00,6.99
"Dec. 6, 2019",4.00,18.50,4.73,75.80,30.62,28.69,71.15,5.15,4.90,5.40,5.40,8.95/9.40,6.25/6.60,3.25/3.50,5.02,4.89,5.07,5.10,71.32,79.19,3.53,3.53,3.95,7.65/8.00,6.86
"Nov. 29, 2019",4.00,18.50,-,-,-,-,-,5.15,4.90,5.40,5.40,8.95/9.40,6.25/6.60,3.25/3.50,5.03,4.99,5.12,5.14,71.73,78.98,3.35,3.35,3.76,7.65/8.10,6.65
"Nov. 22, 2019",4.00,18.50,4.65,76.09,23.03,28.70,87.99,5.15,4.90,5.40,5.40,8.95/9.40,6.25/6.60,3.25/3.50,5.05,5.02,5.13,5.17,71.85,79.52,3.26,3.34,3.76,7.65/8.10,6.66
"Nov. 15, 2019",4.00,18.50,-,-,-,-,-,5.15,4.90,5.40,5.40,8.95/9.40,6.25/6.85,3.25/3.50,5.07,5.05,5.16,5.23,71.71,79.04,3.26,3.51,3.93,7.65/8.10,6.66
"Nov. 8, 2019",4.00,18.50,4.70,75.75,17.60,28.91,88.85,5.15,4.90,5.40,5.40,8.95/9.40,6.25/6.85,3.25/3.50,5.03,5.03,5.14,5.24,71.25,78.73,3.03,3.42,3.93,7.70/8.10,6.67
"Nov. 1, 2019",4.00,18.50,-,-,-,-,-,5.15,4.90,5.40,5.40,8.95/9.40,6.25/6.85,3.25/3.50,5.08,5.04,5.21,5.30,70.88,79.12,3.39,3.70,4.13,7.70/8.10,6.54
"Oct. 25, 2019",4.00,18.50,4.88,75.82,17.03,28.38,74.80,5.15,4.90,5.40,5.40,8.95/9.40,6.25/6.85,3.25/3.50,5.07,5.08,5.21,5.32,70.96,78.81,3.38,3.61,3.99,7.70/8.20,6.58
"Oct. 18, 2019",4.00,18.50,-,-,-,-,-,5.15,4.90,5.40,5.40,8.95/9.40,6.25/7.00,3.25/3.50,5.05,5.12,5.25,5.37,71.20,79.19,3.79,3.71,4.05,7.70/8.20,6.57
"Oct. 11, 2019",4.00,18.75,4.74,75.66,4.85,28.64,89.05,5.15,4.90,5.40,5.40,8.95/9.40,6.25/7.00,3.25/3.50,5.06,5.20,5.33,5.41,71.03,78.24,3.72,3.80,4.08,7.70/8.20,6.54
"Oct. 4, 2019",4.00,18.75,-,-,-,-,-,5.15,4.90,5.40,5.40,8.95/9.40,6.25/7.00,3.25/3.50,5.26,5.32,5.44,5.53,70.87,77.78,4.40,3.87,4.18,7.80/8.20,6.47
"Sep. 27, 2019",4.00,18.75,4.80,75.67,-1.46,28.61,93.69,5.40,5.15,5.65,5.65,8.95/9.40,6.25/7.00,3.25/3.50,5.31,5.41,5.50,5.60,70.84,77.32,3.98,3.95,4.23,7.80/8.30,6.85
"Sep. 20, 2019",4.00,18.75,-,-,-,-,-,5.40,5.15,5.65,5.65,8.95/9.40,6.25/7.00,3.25/3.50,5.36,5.28,5.46,5.60,70.94,78.44,4.40,4.17,4.38,7.80/8.15,6.91
"Sep. 13, 2019",4.00,18.75,4.75,76.33,-40.29,28.34,150.40,5.40,5.15,5.65,5.65,8.95/9.40,6.25/7.10,3.25/3.50,5.31,5.32,5.54,5.65,70.94,78.56,4.57,4.43,4.48,7.80/8.30,6.77
"Sep. 6, 2019",4.00,18.75,-,-,-,-,-,5.40,5.15,5.65,5.65,8.95/9.40,6.25/7.10,3.25/3.50,5.34,5.37,5.61,5.69,71.73,79.21,4.18,4.24,4.28,7.90/8.30,6.73
"Aug. 30, 2019",4.00,18.75,4.87,75.74,-44.36,28.02,96.90,5.40,5.15,5.65,5.65,8.95/9.40,6.35/7.10,3.25/3.50,5.36,5.41,5.63,5.72,71.76,79.24,3.85,4.18,4.24,7.90/8.40,6.70
"Aug. 23, 2019",4.00,18.75,-,-,-,-,-,5.40,5.15,5.65,5.65,8.95/9.40,6.35/7.10,3.25/3.50,5.32,5.45,5.63,5.74,71.73,79.39,4.02,4.24,4.22,7.90/8.40,6.57
"Aug. 16, 2019",4.00,18.75,4.84,76.36,-83.52,28.08,168.57,5.40,5.15,5.65,5.65,8.95/9.40,6.35/7.10,3.25/3.50,5.32,5.49,5.65,5.77,71.29,79.15,3.70,3.90,3.96,7.90/8.40,6.69
"Aug. 9, 2019",4.00,18.75,-,-,-,-,-,5.40,5.15,5.65,5.65,8.95/9.40,6.35/7.30,3.25/3.50,5.45,5.45,5.69,5.85,70.52,78.91,3.74,3.86,3.94,7.90/8.40,6.64
"Aug. 2, 2019",4.00,18.75,4.67,76.34,-25.01,27.91,103.04,5.75,5.50,6.00,6.00,8.95/9.40,6.25/7.30,3.25/3.50,5.58,5.65,5.88,5.94,69.40,76.94,3.98,4.09,4.18,7.90/8.40,6.50
"Jul. 26, 2019",4.00,18.75,-,-,-,-,-,5.75,5.50,6.00,6.00,8.95/9.40,6.25/7.30,3.25/3.50,5.59,5.74,5.95,5.98,69.06,76.94,4.00,4.09,4.31,8.00/8.40,6.62
"Jul. 19, 2019",4.00,18.75,4.84,76.35,-147.55,27.61,145.38,5.75,5.50,6.00,6.00,8.95/9.40,6.25/7.30,3.50,5.61,5.74,5.93,5.98,68.82,77.52,4.01,4.15,4.33,8.00/8.40,6.45
"Jul. 12, 2019",4.00,18.75,-,-,-,-,-,5.75,5.50,6.00,6.00,8.95/9.40,6.25/7.30,3.50,5.62,5.86,6.03,6.06,68.59,77.29,4.02,4.19,4.43,8.00/8.40,6.56
"Jul. 5, 2019",4.00,19.00,4.64,76.51,-73.19,27.97,162.15,5.75,5.50,6.00,6.00,8.95/9.40,6.25/7.30,3.50,5.67,5.98,6.12,6.13,68.75,77.52,4.36,4.60,4.71,8.00/8.40,6.76
"Jun. 28, 2019",4.00,19.00,-,-,-,-,-,5.75,5.50,6.00,6.00,8.95/9.40,6.25/7.30,3.50,5.78,6.03,6.16,6.16,68.92,78.36,4.61,4.64,4.70,8.05/8.50,6.93
"Jun. 21, 2019",4.00,19.00,4.66,77.25,**,27.75,*,5.75,5.50,6.00,6.00,8.95/9.40,6.25/7.30,3.50,5.78,5.98,6.10,6.13,69.63,78.59,4.91,4.71,4.62,8.05/8.50,6.91
"Jun. 14, 2019",4.00,19.00,-,-,-,-,-,5.75,5.50,6.00,6.00,8.95/9.40,6.25/7.50,3.50,5.72,5.94,6.12,6.13,69.56,78.43,4.31,4.43,4.38,8.05/8.50,6.99
"Jun. 7, 2019",4.00,19.00,4.68,76.97,**,27.89,*,5.75,5.50,6.00,6.00,8.95/9.40,6.25/7.50,3.50,5.81,6.07,6.18,6.19,69.30,78.07,3.98,4.07,4.13,8.05/8.50,7.04
"May 31, 2019",4.00,19.00,-,-,-,-,-,6.00,5.75,6.25,6.25,8.95/9.40,6.25/7.50,3.50,5.90,6.19,6.27,6.30,69.81,77.73,3.95,3.95,3.93,8.05/8.50,7.07
"May 24, 2019",4.00,19.00,4.61,76.98,**,28.18,*,6.00,5.75,6.25,6.25,8.95/9.40,6.25/7.50,3.50,5.93,6.36,6.39,6.41,69.61,77.97,4.14,4.19,4.17,8.05/8.50,7.27
"May 17, 2019",4.00,19.00,-,-,-,-,-,6.00,5.75,6.25,6.25,8.95/9.40,6.25/7.50,3.50,5.95,6.40,6.46,6.47,70.17,78.43,4.62,4.45,4.39,8.05/8.50,7.41
"May 10, 2019",4.00,19.00,4.65,76.90,**,28.05,*,6.00,5.75,6.25,6.25,8.95/9.40,6.25/7.50,3.50,5.95,6.48,6.50,6.54,69.92,78.49,4.63,4.40,4.26,8.05/8.50,7.46
"May 3, 2019",4.00,19.00,-,-,-,-,-,6.00,5.75,6.25,6.25,8.95/9.40,6.25/7.50,3.50/4.00,6.08,6.44,6.50,6.51,69.27,77.34,4.85,4.62,4.45,8.05/8.50,7.43
"Apr. 26, 2019",4.00,19.00,4.82,77.07,**,27.68,*,6.00,5.75,6.25,6.25,8.95/9.40,6.25/7.50,3.50/4.00,6.16,6.40,6.48,6.50,70.14,78.13,4.83,4.51,4.28,8.05/8.50,7.44
"Apr. 19, 2019",4.00,19.00,-,-,-,-,-,6.00,5.75,6.25,6.25,8.95/9.40,6.25/7.50,3.50/4.00,6.05,6.31,6.42,6.45,69.42,78.43,5.01,4.58,4.28,8.05/8.50,7.45
"Apr. 12, 2019",4.00,19.25,4.66,76.97,**,27.46,*,6.00,5.75,6.25,6.25,8.95/9.40,6.25/7.50,3.50/4.00,6.00,6.27,6.31,6.39,69.32,78.23,5.37,4.88,4.53,8.05/8.50,7.43
"Apr. 5, 2019",4.00,19.25,-,-,-,-,-,6.00,5.75,6.25,6.25,8.95/9.40,6.25/7.50,3.50/4.00,6.18,6.23,6.29,6.31,69.20,77.73,4.86,4.51,4.16,8.05/8.50,7.37
"Mar. 29, 2019",4.00,19.25,5.09,77.70,99.76,26.89,5.40,6.25,6.00,6.50,6.50,8.95/9.40,6.25/7.50,3.50/4.00,6.35,6.31,6.35,6.39,69.17,77.70,6.07,4.80,4.16,8.05/8.55,7.34
"Mar. 22, 2019",4.00,19.25,-,-,-,-,-,6.25,6.00,6.50,6.50,8.95/9.40,6.25/7.50,3.50/4.00,6.20,6.31,6.37,6.42,68.66,78.14,4.98,4.25,3.87,8.05/8.55,7.33
"Mar. 15, 2019",4.00,19.25,5.14,78.14,116.01,27.75,9.35,6.25,6.00,6.50,6.50,8.95/9.40,6.25/7.50,3.50/4.00,6.18,6.36,6.44,6.49,69.21,78.34,5.11,4.16,3.84,8.05/8.55,7.33
"Mar. 8, 2019",4.00,19.25,-,-,-,-,-,6.25,6.00,6.50,6.50,8.95/9.45,6.25/7.50,3.50/4.00,6.15,6.40,6.46,6.51,70.10,78.55,4.79,4.51,4.21,8.05/8.55,7.36
"Mar. 1, 2019",4.00,19.25,4.62,77.84,111.24,27.87,11.27,6.25,6.00,6.50,6.50,8.95/9.45,6.25/7.50,3.50/4.00,6.22,6.40,6.48,6.55,70.97,80.72,5.16,4.57,4.26,8.05/8.55,7.37
"Feb. 22, 2019",4.00,19.25,-,-,-,-,-,6.25,6.00,6.50,6.50,8.95/9.45,6.25/7.50,3.50/4.00,6.29,6.40,6.46,6.53,71.22,80.75,4.13,4.38,4.16,8.15/8.55,7.42
"Feb. 15, 2019",4.00,19.25,4.61,77.89,117.53,27.68,5.26,6.25,6.00,6.50,6.50,8.95/9.45,6.25/7.50,3.50/4.00,6.26,6.40,6.42,6.51,71.25,80.42,4.21,4.32,4.18,8.15/8.55,7.58
"Feb. 8, 2019",4.00,19.25,-,-,-,-,-,6.25,6.00,6.50,6.50,8.95/9.45,6.25/7.50,3.50/4.00,6.39,6.56,6.67,6.78,71.29,80.83,3.70,4.15,4.07,8.15/8.55,7.34
"Feb. 1, 2019",4.00,19.25,4.67,77.78,115.42,27.70,5.69,6.50,6.25,6.75,6.75,8.95/9.45,6.25/7.50,3.50/4.00,6.40,6.56,6.69,6.78,71.11,81.34,3.80,4.22,4.08,8.15/8.55,7.38
"Jan. 25, 2019",4.00,19.25,-,-,-,-,-,6.50,6.25,6.75,6.75,8.95/9.45,6.25/7.50,3.50/4.00,6.43,6.60,6.74,6.82,71.11,80.50,4.05,4.22,4.11,8.15/8.55,7.35
"Jan. 18, 2019",4.00,19.25,4.76,77.86,126.29,28.06,8.03,6.50,6.25,6.75,6.75,8.95/9.45,6.25/7.50,3.50/4.00,6.41,6.65,6.74,6.83,71.14,81.07,4.22,4.19,4.13,8.15/8.55,7.32
"Jan. 11, 2019",4.00,19.25,-,-,-,-,-,6.50,6.25,6.75,6.75,8.95/9.45,6.25/7.50,3.50/4.00,6.35,6.65,6.78,6.88,70.47,81.21,4.09,4.06,4.06,8.15/8.55,7.27
"Jan. 4, 2019",4.00,19.50,4.57,77.59,117.17,28.14,11.13,6.50,6.25,6.75,6.75,8.95/9.45,6.25/7.50,3.50/4.00,6.35,6.65,6.80,6.91,69.87,79.57,4.12,4.06,4.09,8.15/8.55,7.45
"Dec. 28, 2018",4.00,19.50,-,-,-,-,-,6.50,6.25,6.75,6.75,8.95/9.45,6.25/7.50,3.50/4.00,6.57,6.65,6.84,6.94,69.98,80.18,4.37,3.97,4.09,8.15/8.55,7.41
"Dec. 21, 2018",4.00,19.50,4.67,78.60,169.70,28.33,7.55,6.50,6.25,6.75,6.75,8.95/9.45,6.25/7.50,3.50/4.00,6.49,6.60,6.87,6.97,70.04,80.21,4.45,3.94,4.11,8.15/8.55,7.26
"Dec. 14, 2018",4.00,19.50,-,-,-,-,-,6.50,6.25,6.75,6.75,8.95/9.45,6.25/7.50,3.50/4.00,6.44,6.69,6.95,7.04,71.74,81.46,4.18,3.90,4.04,8.15/8.55,7.41
"Dec. 7, 2018",4.00,19.50,4.60,77.46,126.66,29.04,29.09,6.50,6.25,6.75,6.75,8.95/9.45,6.25/7.50,3.50/4.00,6.36,6.73,7.02,7.15,70.57,80.23,4.08,3.94,4.11,8.15/8.55,7.41
"Nov. 30, 2018",4.00,19.50,-,-,-,-,-,6.50,6.25,6.75,6.75,8.95/9.45,6.25/7.50,3.50/4.00,6.39,6.77,7.06,7.22,69.66,79.36,4.31,4.02,4.13,8.15/8.45,7.64
"Nov. 23, 2018",4.00,19.50,4.68,77.31,130.87,29.00,27.79,6.50,6.25,6.75,6.75,8.95/9.45,6.25/7.50,3.50/4.00,6.42,6.81,7.10,7.27,71.18,81.19,4.38,4.05,4.13,8.15/8.45,7.77
"Nov. 16, 2018",4.00,19.50,-,-,-,-,-,6.50,6.25,6.75,6.75,8.85/9.45,6.25/7.50,3.50/4.00,6.38,6.90,7.17,7.33,71.80,81.46,4.26,4.01,4.12,8.15/8.45,7.85
"Nov. 9, 2018",4.00,19.50,4.68,77.05,121.58,29.12,31.19,6.50,6.25,6.75,6.75,8.85/9.45,6.25/7.25,3.50/4.00,6.43,6.94,7.23,7.42,72.73,82.52,4.12,4.01,4.07,8.05/8.45,7.81
"Nov. 2, 2018",4.00,19.50,-,-,-,-,-,6.50,6.25,6.75,6.75,8.85/9.45,6.25/7.25,3.50/4.00,6.43,6.94,7.23,7.48,72.88,83.23,4.28,4.17,4.18,8.05/8.45,7.84
"Oct. 26, 2018",4.00,19.50,4.68,76.75,118.39,29.19,34.02,6.50,6.25,6.75,6.75,8.85/9.45,6.25/7.25,3.50/4.00,6.50,6.94,7.21,7.47,73.37,83.41,4.58,4.36,4.33,8.05/8.40,7.84
"Oct. 19, 2018",4.00,19.50,-,-,-,-,-,6.50,6.25,6.75,6.75,8.85/9.45,6.25/7.25,3.50/4.00,6.53,6.94,7.23,7.50,73.44,84.17,5.23,4.49,4.36,8.05/8.40,7.88
"Oct. 12, 2018",4.00,19.50,4.62,76.30,102.08,29.65,49.00,6.50,6.25,6.75,6.75,8.85/9.45,6.25/7.25,3.50/4.00,6.41,6.94,7.30,7.58,73.80,85.55,4.88,4.55,4.39,8.05/8.40,7.96
"Oct. 5, 2018",4.00,19.50,-,-,-,-,-,6.50,6.25,6.75,6.75,8.85/9.45,6.25/7.25,3.50/4.00,6.34,7.14,7.45,7.77,73.58,84.70,4.73,4.59,4.40,8.00/8.40,8.02
"Sep. 28, 2018",4.00,19.50,4.90,76.12,95.30,29.22,34.65,6.50,6.25,6.75,6.75,8.85/9.45,6.25/7.25,3.50/4.00,6.49,7.19,7.42,7.73,72.55,84.44,4.96,4.58,4.36,7.90/8.30,8.00
"Sep. 21, 2018",4.00,19.50,-,-,-,-,-,6.50,6.25,6.75,6.75,8.85/9.45,6.25/7.25,3.50/4.00,6.57,7.06,7.34,7.66,71.85,84.68,4.68,4.68,4.45,7.90/8.30,8.03
"Sep. 14, 2018",4.00,19.50,4.77,76.08,125.47,30.17,123.59,6.50,6.25,6.75,6.75,8.85/9.45,6.25/7.25,3.50/4.00,6.46,6.98,7.27,7.68,71.81,83.98,4.85,4.65,4.48,7.90/8.30,8.07
"Sep. 7, 2018",4.00,19.50,-,-,-,-,-,6.50,6.25,6.75,6.75,8.85/9.45,6.25/7.25,3.50/4.00,6.32,6.85,7.12,7.52,71.90,83.67,4.51,4.42,4.27,7.90/8.30,7.98
"Aug. 31, 2018",4.00,19.50,4.69,75.39,70.45,30.09,84.48,6.50,6.25,6.75,6.75,8.75/9.45,6.25/7.25,3.50/4.00,6.36,6.81,7.02,7.33,70.93,82.84,4.40,4.34,4.22,7.90/8.05,7.95
"Aug. 24, 2018",4.00,19.50,-,-,-,-,-,6.50,6.25,6.75,6.75,8.75/9.45,6.25/7.25,3.50/4.00,6.39,6.81,7.02,7.32,70.14,81.17,4.62,4.45,4.38,7.90/8.05,7.86
"Aug. 17, 2018",4.00,19.50,4.60,75.35,56.08,30.48,224.05,6.50,6.25,6.75,6.75,8.75/9.45,6.25/7.25,3.50/4.00,6.39,6.77,6.99,7.30,70.23,80.06,4.44,4.56,4.27,7.90/8.05,7.85
"Aug. 10, 2018",4.00,19.50,-,-,-,-,-,6.50,6.25,6.75,6.75,8.75/9.45,6.25/7.00,3.50/4.00,6.35,6.69,6.97,7.28,68.95,77.23,4.52,4.35,4.35,7.90/8.05,7.74
"Aug. 3, 2018",4.00,19.50,4.69,74.93,33.94,30.22,116.22,6.50,6.25,6.75,6.75,8.75/9.45,6.25/7.00,3.50/4.00,6.24,6.73,6.95,7.27,68.79,79.68,4.54,4.54,4.42,7.90/8.05,7.73
"Jul. 27, 2018",4.00,19.50,-,-,-,-,-,6.25,6.00,6.50,6.50,8.75/9.45,6.25/7.00,3.50/4.00,6.21,6.69,6.97,7.27,68.70,79.78,4.37,4.37,4.40,7.90/8.05,7.75
"Jul. 20, 2018",4.00,19.50,4.82,75.28,-141.44,30.32,1342.03,6.25,6.00,6.50,6.50,8.75/9.45,6.25/7.00,3.50/4.00,6.16,6.52,6.93,7.21,68.85,80.31,4.18,4.30,4.30,7.90/8.05,7.78
"Jul. 13, 2018",4.00,19.50,-,-,-,-,-,6.25,6.00,6.50,6.50,8.75/9.45,6.25/7.00,3.50/4.00,6.16,6.52,6.93,7.20,68.41,79.77,4.74,4.39,4.36,7.90/8.05,7.80
"Jul. 6, 2018",4.00,19.50,4.76,75.35,50.07,30.22,246.25,6.25,6.00,6.50,6.50,8.75/9.45,6.25/7.00,3.50/4.00,6.12,6.48,6.91,7.17,68.88,80.63,4.36,4.38,4.38,7.90/8.05,7.87
"Jun. 29, 2018",4.00,19.50,-,-,-,-,-,6.25,6.00,6.50,6.50,8.70/9.45,6.25/7.00,3.50/4.00,6.17,6.52,6.89,7.13,68.58,79.85,4.46,4.37,4.39,7.80/8.05,7.98
"Jun. 22, 2018",4.00,19.50,4.90,75.88,-,29.92,-,6.25,6.00,6.50,6.50,8.70/9.45,6.25/7.00,3.50/4.00,6.22,6.48,6.89,7.10,67.77,78.86,4.07,4.28,4.31,7.80/8.05,7.92
"Jun. 15, 2018",4.00,19.50,-,-,-,-,-,6.25,6.00,6.50,6.50,8.70/9.45,6.25/7.00,3.50/4.00,6.09,6.52,6.89,7.09,67.97,78.61,4.15,4.24,4.30,7.80/8.05,7.89
"Jun. 8, 2018",4.00,19.50,4.55,75.33,-,30.20,-,6.25,6.00,6.50,6.50,8.70/9.45,6.25/7.00,3.50/4.00,5.95,6.52,6.82,6.99,67.52,79.58,4.09,4.24,4.27,7.80/8.05,7.95
"Jun. 1, 2018",4.00,19.50,-,-,-,-,-,6.00,5.75,6.25,6.25,8.70/9.45,6.25/6.75,3.50/4.00,5.91,6.40,6.80,6.93,67.18,78.41,4.11,4.17,4.15,7.80/8.05,7.94
"May 25, 2018",4.00,19.50,4.74,75.36,-,29.72,-,6.00,5.75,6.25,6.25,8.70/9.45,6.25/6.75,3.50/4.00,5.94,6.40,6.80,6.95,68.26,79.88,4.13,4.01,4.04,7.80/7.95,7.95
"May 18, 2018",4.00,19.50,-,-,-,-,-,6.00,5.75,6.25,6.25,8.70/9.45,6.25/6.75,3.50/4.00,5.91,6.31,6.63,6.84,67.96,80.28,4.06,3.97,4.05,7.80/7.95,7.89
"May 11, 2018",4.00,19.50,4.58,75.03,-,29.85,-,6.00,5.75,6.25,6.25,8.70/9.45,6.25/6.75,3.50/4.00,5.90,6.27,6.48,6.67,67.22,80.09,4.28,4.11,4.08,7.80/7.95,7.79
"May 4, 2018",4.00,19.50,-,-,-,-,-,6.00,5.75,6.25,6.25,8.70/9.45,6.25/6.75,3.50/4.00,5.90,6.23,6.42,6.62,66.77,79.97,4.13,3.95,3.95,7.80/7.95,7.76
"Apr. 27, 2018",4.00,19.50,4.89,74.66,-,29.48,-,6.00,5.75,6.25,6.25,8.70/9.45,6.25/6.75,3.50/4.00,5.92,6.19,6.42,6.63,66.78,80.74,4.22,3.89,3.97,7.80/7.95,7.80
"Apr. 20, 2018",4.00,19.50,-,-,-,-,-,6.00,5.75,6.25,6.25,8.70/9.45,6.25/6.75,3.50/4.00,5.91,6.11,6.31,6.51,66.02,81.46,4.18,4.15,4.12,7.80/7.95,7.73
"Apr. 13, 2018",4.00,19.50,4.47,74.49,176.55,29.84,-,6.00,5.75,6.25,6.25,8.70/9.45,6.25/6.75,3.50/4.00,5.87,6.11,6.31,6.49,65.22,80.34,4.23,4.05,3.97,7.80/7.95,7.46
"Apr. 6, 2018",4.00,19.50,-,-,-,-,-,6.00,5.75,6.25,6.25,8.70/9.45,6.25/6.75,3.50/4.00,5.91,6.11,6.31,6.49,64.99,79.51,4.34,4.15,4.06,7.80/7.95,7.20
"Mar. 30, 2018",4.00,19.50,5.11,75.39,112.76,29.03,41.91,6.00,5.75,6.25,6.25,8.65/9.45,6.25/6.75,3.50/4.00,6.15,6.11,6.33,6.49,65.04,80.62,4.61,4.37,4.21,7.80/7.95,7.42
"Mar. 23, 2018",4.00,19.50,-,-,-,-,-,6.00,5.75,6.25,6.25,8.65/9.45,6.25/6.75,3.50/4.00,5.92,6.15,6.33,6.54,65.13,80.34,5.71,4.58,4.15,7.80/7.95,7.59
"Mar. 16, 2018",4.00,19.50,4.63,75.02,131.63,29.99,78.23,6.00,5.75,6.25,6.25,8.65/9.45,6.25/6.75,3.50/4.00,5.90,6.23,6.44,6.59,64.87,79.91,5.36,4.69,4.30,7.80/7.95,7.58
"Mar. 9, 2018",4.00,19.50,-,-,-,-,-,6.00,5.75,6.25,6.25,8.65/9.45,6.25/6.75,3.50/4.00,5.88,6.31,6.50,6.66,65.08,80.16,5.07,4.55,4.19,7.70/7.95,7.69
"Mar. 2, 2018",4.00,19.50,4.69,74.61,117.54,30.54,89.88,6.00,5.75,6.25,6.25,8.65/9.45,6.25/6.75,3.50/4.00,5.93,6.36,6.50,6.66,65.23,79.50,4.69,4.32,3.99,7.70/7.95,7.76
"Feb. 23, 2018",4.00,19.50,-,-,-,-,-,6.00,5.75,6.25,6.25,8.65/9.45,6.00/6.75,3.50/4.00,5.94,6.36,6.48,6.64,64.82,79.76,4.26,4.50,4.13,7.65/7.80,7.64
"Feb. 16, 2018",4.00,19.50,4.63,74.65,138.89,30.89,130.05,6.00,5.75,6.25,6.25,8.65/9.45,6.00/6.75,3.50/4.00,5.96,6.36,6.48,6.58,63.91,80.17,4.32,4.76,4.52,7.65/7.80,7.56
"Feb. 9, 2018",4.00,19.50,-,-,-,-,-,6.00,5.75,6.25,6.25,8.65/9.45,6.00/6.75,3.50/4.00,5.88,6.40,6.50,6.58,64.37,78.89,4.47,4.85,4.60,7.65/7.80,7.54
"Feb. 2, 2018",4.00,19.50,4.54,74.37,119.54,30.80,111.36,6.00,5.75,6.25,6.25,8.65/9.45,6.00/6.75,3.50/4.00,5.90,6.40,6.50,6.58,64.08,80.03,4.40,4.93,4.65,7.65/8.05,7.54
"Jan. 26, 2018",4.00,19.50,-,-,-,-,-,6.00,5.75,6.25,6.25,8.65/9.45,6.00/6.75,3.50/4.00,5.90,6.40,6.46,6.55,63.50,79.07,4.16,4.57,4.50,7.65/8.05,7.27
"Jan. 19, 2018",4.00,19.50,4.70,74.42,148.85,30.75,156.38,6.00,5.75,6.25,6.25,8.65/9.45,6.00/6.75,3.50/4.00,5.90,6.36,6.44,6.55,63.72,78.14,4.33,4.61,4.47,7.65/8.05,7.26
"Jan. 12, 2018",4.00,19.50,-,-,-,-,-,6.00,5.75,6.25,6.25,8.65/9.45,6.00/6.75,3.50/4.00,5.88,6.31,6.39,6.53,63.53,76.53,4.34,4.60,4.50,7.65/8.05,7.26
"Jan. 5, 2018",4.00,19.50,4.65,74.64,153.09,30.91,153.49,6.00,5.75,6.25,6.25,8.65/9.45,6.00/6.75,3.50/4.00,5.87,6.27,6.35,6.49,63.38,76.50,4.17,4.42,4.46,7.65/8.05,7.08
"Dec. 29, 2017",4.00,19.50,-,-,-,-,-,6.00,5.75,6.25,6.25,8.85/9.45,6.00/6.75,3.50/4.00,5.99,6.19,6.33,6.42,63.93,76.39,4.32,4.44,4.47,7.65/8.05,7.49
"Dec. 22, 2017",4.00,19.50,4.77,74.38,200.13,30.72,245.52,6.00,5.75,6.25,6.25,8.85/9.45,6.00/6.75,3.50/4.00,5.98,6.19,6.33,6.40,64.04,75.88,3.84,4.00,4.31,7.65/8.05,7.45
"Dec. 15, 2017",4.00,19.50,-,-,-,-,-,6.00,5.75,6.25,6.25,8.85/9.45,6.00/6.75,3.50/4.00,5.86,6.15,6.31,6.36,64.10,75.52,3.84,4.09,4.46,7.65/8.05,7.29
"Dec. 8, 2017",4.00,19.50,4.61,73.63,128.59,30.90,233.77,6.00,5.75,6.25,6.25,8.85/9.45,6.00/6.75,3.50/4.00,5.83,6.15,6.27,6.25,64.46,75.80,3.72,3.94,4.39,7.65/8.05,7.27
"Dec. 1, 2017",4.00,19.50,-,-,-,-,-,6.00,5.75,6.25,6.25,8.85/9.45,6.00/6.75,3.50/4.00,5.87,6.15,6.25,6.28,64.43,76.49,4.28,4.10,4.52,7.70/8.05,7.25
"Nov. 24, 2017",4.00,19.50,4.66,73.41,136.41,30.98,372.49,6.00,5.75,6.25,6.25,8.95/9.45,6.00/6.75,3.50/4.00,5.89,6.11,6.20,6.29,64.73,76.72,4.26,4.08,4.39,7.70/8.05,7.21
"Nov. 17, 2017",4.00,19.50,-,-,-,-,-,6.00,5.75,6.25,6.25,8.95/9.45,6.00/6.75,3.50/4.00,5.86,6.11,6.18,6.29,64.85,76.56,4.44,4.38,4.53,7.70/8.05,7.22
"Nov. 10, 2017",4.00,19.50,4.67,73.10,90.16,31.14,278.05,6.00,5.75,6.25,6.25,8.95/9.45,6.00/6.75,3.50/4.00,5.88,6.11,6.18,6.25,65.01,75.74,4.43,4.46,4.55,7.70/8.05,7.12
"Nov. 3, 2017",4.00,19.50,-,-,-,-,-,6.00,5.75,6.25,6.25,8.95/9.45,6.00/6.75,3.50/4.00,5.86,6.11,6.18,6.25,64.58,75.33,4.46,4.46,4.52,7.70/8.05,7.12
"Oct. 27, 2017",4.00,19.50,4.75,72.92,82.16,30.85,835.41,6.00,5.75,6.25,6.25,8.95/9.45,6.25/6.75,3.50/4.00,5.85,6.11,6.18,6.22,65.09,75.68,4.52,4.36,4.36,7.70/8.05,7.00
"Oct. 20, 2017",4.00,19.50,-,-,-,-,-,6.00,5.75,6.25,6.25,8.95/9.45,6.25/6.75,3.50/4.00,5.98,6.11,6.18,6.22,65.06,76.54,4.61,4.30,4.36,7.70/8.05,6.95
"Oct. 13, 2017",4.00,20.00,4.69,72.54,41.27,30.93,279.14,6.00,5.75,6.25,6.25,8.95/9.45,6.25/6.75,3.50/4.00,5.86,6.07,6.18,6.22,64.93,76.88,4.62,4.31,4.33,7.70/8.05,6.91
"Oct. 6, 2017",4.00,20.00,-,-,-,-,-,6.00,5.75,6.25,6.25,8.95/9.55,6.25/6.75,3.50/4.00,5.84,6.07,6.18,6.20,65.23,76.26,4.78,4.42,4.35,7.75/8.10,6.92
"Sep. 29, 2017",4.00,20.00,4.89,73.02,79.84,30.43,146.82,6.00,5.75,6.25,6.25,9.00/9.55,6.25/6.75,3.50/4.00,5.88,6.11,-,6.24,65.36,77.06,4.96,4.28,4.19,7.75/8.10,6.83
"Sep. 22, 2017",4.00,20.00,-,-,-,-,-,6.00,5.75,6.25,6.25,9.00/9.55,6.25/6.75,3.50/4.00,5.91,6.11,6.22,-,64.96,77.76,4.43,4.19,4.13,7.75/8.10,6.79
"Sep. 15, 2017",4.00,20.00,4.97,72.67,119.26,31.15,-,6.00,5.75,6.25,6.25,9.00/9.55,6.25/6.75,3.50/4.00,5.89,6.11,-,6.25,64.08,76.40,4.87,4.24,4.24,7.75/8.10,6.72
"Sep. 8, 2017",4.00,20.00,-,-,-,-,-,6.00,5.75,6.25,6.25,9.00/9.55,6.25/6.75,3.50/4.00,5.84,6.07,6.20,-,63.87,77.04,4.23,4.26,4.26,7.75/8.10,6.67
"Sep. 1, 2017",4.00,20.00,4.70,72.30,710.44,31.15,-3192.29,6.00,5.75,6.25,6.25,9.00/9.55,6.25/6.75,3.50/4.00,5.84,6.11,-,6.25,63.98,76.10,4.31,4.31,4.35,7.75/8.10,6.61
"Aug. 25, 2017",4.00,20.00,-,-,-,-,-,6.00,5.75,6.25,6.25,9.00/9.55,6.25/6.75,3.50/4.00,5.93,6.11,6.22,-,64.07,75.58,4.68,4.53,4.48,7.75/8.10,6.65
"Aug. 18, 2017",4.00,20.00,4.80,72.20,159.96,31.04,-332.06,6.00,5.75,6.25,6.25,9.00/9.55,6.25/6.75,3.50/4.00,5.85,6.15,-,6.24,64.10,75.21,4.68,4.56,4.46,7.75/8.10,6.62
"Aug. 11, 2017",4.00,20.00,-,-,-,-,-,6.00,5.75,6.25,6.25,9.00/9.55,6.25/6.75,3.50/4.00,5.88,6.15,6.22,-,64.17,75.46,4.96,4.55,4.44,7.75/8.10,6.60
"Aug. 4, 2017",4.00,20.00,4.70,71.85,-,30.67,-,6.00,5.75,6.25,6.25,9.00/9.55,6.25/6.75,3.50/4.00,5.97,6.15,-,6.24,63.71,75.66,4.71,4.65,4.55,7.75/8.10,6.53
"Jul. 28, 2017",4.00,20.00,-,-,-,-,-,6.25,6.00,6.50,6.50,9.00/9.55,6.25/6.90,4.00,6.08,6.15,6.25,-,64.15,74.98,4.68,4.61,4.60,7.75/8.10,6.56
"Jul. 21, 2017",4.00,20.00,4.73,72.15,112.35,30.75,-108.30,6.25,6.00,6.50,6.50,9.00/9.55,6.25/6.90,4.00,6.07,6.11,-,6.29,64.32,74.88,5.22,4.73,4.70,7.75/8.10,6.51
"Jul. 14, 2017",4.00,20.00,-,-,-,-,-,6.25,6.00,6.50,6.50,9.00/9.55,6.25/6.90,4.00,6.06,6.23,6.33,-,64.45,73.57,4.84,4.84,4.76,7.75/8.10,6.54
"Jul. 7, 2017",4.00,20.00,4.65,72.34,129.34,30.71,-230.15,6.25,6.00,6.50,6.50,9.00/9.55,6.25/6.90,4.00,6.05,6.31,-,6.38,64.73,73.88,4.82,4.67,4.60,7.75/8.10,6.59
"Jun. 30, 2017",4.00,20.00,-,-,-,-,-,6.25,6.00,6.50,6.50,9.10/9.60,6.25/6.90,4.00,6.07,6.27,6.33,-,64.74,74.00,5.19,4.76,4.70,7.75/8.10,6.57
"Jun. 23, 2017",4.00,20.50,4.72,72.26,116.97,30.49,-133.41,6.25,6.00,6.50,6.50,9.10/9.60,6.25/6.90,4.00,6.08,6.27,-,6.38,64.54,72.08,4.74,4.77,4.65,7.75/8.10,6.64
"Jun. 16, 2017",4.00,20.50,-,-,-,-,-,6.25,6.00,6.50,6.50,9.10/9.60,6.25/6.90,4.00,6.07,6.27,6.33,-,64.59,72.05,4.83,4.83,4.71,7.75/8.10,6.53
"Jun. 9, 2017",4.00,20.50,4.77,72.41,101.43,30.73,-122.20,6.25,6.00,6.50,6.50,9.10/9.60,6.25/6.90,4.00,6.11,6.27,-,6.43,64.26,71.98,4.76,4.79,4.64,7.75/8.10,6.53
"Jun. 2, 2017",4.00,20.50,-,-,-,-,-,6.25,6.00,6.50,6.50,9.10/9.60,6.25/6.90,4.00,6.05,6.31,6.39,-,64.42,72.27,4.75,4.81,4.72,7.75/8.10,6.65
"May 26, 2017",4.00,20.50,4.72,72.00,121.10,30.57,-94.53,6.25,6.00,6.50,6.50,9.10/9.60,6.25/6.90,4.00,6.04,6.85,-,6.96,64.59,72.33,4.92,4.83,4.71,7.75/8.10,7.49
"May 19, 2017",4.00,20.50,-,-,-,-,-,6.25,6.00,6.50,6.50,9.10/9.60,6.25/6.90,4.00,6.05,6.27,6.44,-,64.99,72.30,5.17,4.99,4.89,7.75/8.10,6.72
"May 12, 2017",4.00,20.50,4.63,71.62,187.83,30.55,-179.75,6.25,6.00,6.50,6.50,9.10/9.60,6.25/7.00,4.00,6.07,6.27,-,6.48,64.30,69.89,5.23,5.07,4.98,7.75/8.10,6.74
"May 5, 2017",4.00,20.50,-,-,-,-,-,6.25,6.00,6.50,6.50,9.10/9.60,6.50/7.00,4.00,5.99,6.23,6.39,-,64.31,70.60,5.04,5.10,5.04,7.75/8.10,7.51
"Apr. 28, 2017",4.00,20.50,4.88,71.69,139.26,30.10,-78.55,6.25,6.00,6.50,6.50,9.10/9.60,6.50/7.00,4.00,6.00,6.19,-,6.45,64.22,69.88,5.61,5.23,5.15,7.75/8.20,7.20
"Apr. 21, 2017",4.00,20.50,-,-,-,-,-,6.25,6.00,6.50,6.50,9.10/9.60,6.50/7.00,4.00,5.94,6.11,6.31,-,64.57,69.17,5.20,5.27,5.20,7.75/8.20,7.18
"Apr. 14, 2017",4.00,20.50,4.54,72.06,117.83,29.96,-68.12,6.25,6.00,6.50,6.50,9.10/9.60,6.50/7.00,4.00,5.94,5.98,-,6.22,64.32,68.62,5.22,5.29,5.22,7.75/8.20,7.11
"Apr. 7, 2017",4.00,20.50,-,-,-,-,-,6.25,6.00,6.50,6.50,9.10/9.60,6.50/7.00,4.00,5.84,5.86,6.18,-,64.39,68.56,5.40,5.34,5.25,7.75/8.20,7.17
"Mar. 31, 2017",4.00,20.50,5.28,72.95,42.78,28.17,28.29,6.25,5.75,6.75,6.75,9.25/9.60,6.50/7.00,4.00,5.97,5.82,-,6.14,64.84,69.25,5.09,4.97,4.90,7.75/8.20,7.00
"Mar. 24, 2017",4.00,20.50,-,-,-,-,-,6.25,5.75,6.75,6.75,9.25/9.65,6.50/7.00,4.00,5.95,5.86,6.05,-,65.46,70.47,5.22,5.01,4.87,7.75/8.20,7.13
"Mar. 17, 2017",4.00,20.50,4.58,71.77,26.02,30.43,47.92,6.25,5.75,6.75,6.75,9.25/9.65,6.50/7.00,4.00,5.99,5.94,-,6.19,65.54,70.61,5.68,5.13,4.94,7.75/8.20,7.17
"Mar. 10, 2017",4.00,20.50,-,-,-,-,-,6.25,5.75,6.75,6.75,9.25/9.65,6.50/7.00,4.00,5.97,5.94,6.14,-,66.69,70.64,5.58,4.92,4.80,7.75/8.20,7.23
"Mar. 3, 2017",4.00,20.50,4.64,71.29,21.92,31.59,58.03,6.25,5.75,6.75,6.75,9.25/9.65,6.50/7.00,4.00,5.96,6.07,-,6.26,66.84,70.35,5.21,5.15,5.00,7.75/8.20,7.06
"Feb. 24, 2017",4.00,20.50,-,-,-,-,-,6.25,5.75,6.75,6.75,9.25/9.65,6.50/7.00,4.00,5.95,6.15,6.27,-,66.84,70.54,4.85,5.15,5.00,7.75/8.20,7.12
"Feb. 17, 2017",4.00,20.50,4.63,71.38,20.32,31.84,61.56,6.25,5.75,6.75,6.75,9.25/9.65,6.50/7.00,4.00,6.03,6.19,-,6.30,67.05,71.51,4.65,5.07,4.91,7.75/8.20,7.05
"Feb. 10, 2017",4.00,20.50,-,-,-,-,-,6.25,5.75,6.75,6.75,9.25/9.65,6.50/7.00,4.00,6.05,6.11,6.22,-,66.94,71.33,4.84,5.32,4.96,7.75/8.20,7.00
"Feb. 3, 2017",4.00,20.50,4.70,70.81,18.57,32.90,68.80,6.25,5.75,6.75,6.75,9.25/9.65,6.50/7.00,4.00,6.00,6.19,-,6.21,67.38,72.44,4.45,4.99,4.63,7.75/8.20,6.75
"Jan. 27, 2017",4.00,20.50,-,-,-,-,-,6.25,5.75,6.75,6.75,9.25/9.65,6.50/7.00,4.00,5.98,6.23,6.22,-,68.20,72.75,4.40,4.84,4.68,7.75/8.20,6.87
"Jan. 20, 2017",4.00,20.50,4.72,70.68,14.40,34.14,81.98,6.25,5.75,6.75,6.75,9.25/9.65,6.50/7.00,4.00,5.98,6.27,-,6.25,68.09,72.73,5.46,4.93,4.64,7.75/8.20,6.86
"Jan. 13, 2017",4.00,20.50,-,-,-,-,-,6.25,5.75,6.75,6.75,9.25/9.65,6.50/7.00,4.00,6.09,6.27,6.29,-,68.23,72.48,5.10,4.87,4.66,7.75/8.20,6.78
"Jan. 6, 2017",4.00,20.75,4.77,70.04,13.03,34.35,80.33,6.25,5.75,6.75,6.75,9.25/9.65,6.50/7.00,4.00,6.07,6.19,-,6.25,67.95,71.87,4.59,4.59,4.62,7.75/9.00,6.66
"Dec. 30, 2016",4.00,20.75,-,-,-,-,-,6.25,5.75,6.75,6.75,9.30/9.65,6.50/7.00,4.00,6.12,6.27,6.35,-,67.95,71.62,3.88,4.15,4.44,8.65/9.00,6.63
"Dec. 23, 2016",4.00,20.75,5.44,69.87,8.28,34.32,82.74,6.25,5.75,6.75,6.75,9.30/9.65,6.50/7.10,4.00,6.10,6.23,-,6.34,67.91,70.95,4.42,4.27,4.54,8.65/9.00,6.63
"Dec. 16, 2016",4.00,20.75,-,-,-,-,-,6.25,5.75,6.75,6.75,9.30/9.65,6.50/7.10,4.00,6.09,6.19,6.29,-,67.78,70.75,4.43,4.25,4.43,8.65/9.00,6.59
"Dec. 9, 2016",4.00,20.75,9.03,69.29,7.08,30.97,51.82,6.25,5.75,6.75,6.75,9.30/9.65,6.50/7.10,4.00,6.15,5.94,-,6.00,67.58,71.76,4.51,4.07,4.25,8.65/9.00,6.49
"Dec. 2, 2016",4.00,20.75,-,-,-,-,-,6.25,5.75,6.75,6.75,9.30/9.65,6.50/7.10,4.00,6.28,5.94,6.07,-,68.37,73.04,3.51,3.69,3.93,8.65/9.00,6.29
"Nov. 25, 2016",4.00,20.75,6.34,69.33,3.58,30.84,51.96,6.25,5.75,6.75,6.75,9.30/9.65,6.50/7.10,4.00,5.94,5.86,-,5.96,68.46,72.39,2.19,3.16,3.67,8.65/9.00,6.28
"Nov. 18, 2016",4.00,20.75,-,-,-,-,-,6.25,5.75,6.75,6.75,9.30/9.65,6.50/7.30,4.00,6.00,5.94,5.97,-,68.09,72.21,4.41,4.49,4.48,8.65/9.00,6.51
"Nov. 11, 2016",4.00,20.75,6.53,72.70,13.16,28.65,34.63,6.25,5.75,6.75,6.75,9.30/9.65,6.50/7.30,4.00,6.21,6.31,-,6.37,67.03,73.12,5.19,5.07,5.00,8.65/9.00,6.78
"Nov. 4, 2016",4.00,20.75,-,-,-,-,-,6.25,5.75,6.75,6.75,9.30/9.65,6.50/7.30,4.00,6.14,6.40,6.46,-,66.72,74.05,5.49,5.58,5.53,8.65/9.10,6.88
"Oct. 28, 2016",4.00,20.75,4.85,74.24,24.79,29.00,41.14,6.25,5.75,6.75,6.75,9.30/9.65,6.50/7.30,4.00,6.18,6.36,-,6.46,66.86,72.91,5.38,5.38,5.35,8.80/9.10,6.83
"Oct. 21, 2016",4.00,20.75,-,-,-,-,-,6.25,5.75,6.75,6.75,9.30/9.65,7.00/7.30,4.00,6.23,6.40,6.46,-,66.89,72.98,5.92,5.56,5.44,8.80/9.10,6.79
"Oct. 14, 2016",4.00,20.75,4.71,73.89,17.69,28.98,41.15,6.25,5.75,6.75,6.75,9.30/9.65,7.00/7.30,4.00,6.21,6.36,-,6.46,66.85,73.69,6.28,5.83,5.64,8.80/9.10,6.78
"Oct. 7, 2016",4.00,20.75,-,-,-,-,-,6.25,5.75,6.75,6.75,9.30/9.65,7.00/7.30,4.00,6.23,6.36,6.44,-,66.79,74.27,6.65,5.84,5.57,8.80/9.10,6.73
"Sep. 30, 2016",4.00,21.00,4.65,74.19,36.80,28.25,29.27,6.50,6.00,7.00,7.00,9.30/9.65,7.00/7.30,4.00,6.43,6.52,-,6.58,66.66,74.75,6.66,6.21,5.85,8.85/9.15,6.81
"Sep. 23, 2016",4.00,21.00,-,-,-,-,-,6.50,6.00,7.00,7.00,9.30/9.70,7.00/7.30,4.00,6.43,6.52,6.63,-,66.65,74.67,6.39,6.03,5.64,8.85/9.15,6.82
"Sep. 16, 2016",4.00,21.00,4.65,74.66,13.02,29.00,46.13,6.50,6.00,7.00,7.00,9.30/9.70,7.00/7.30,4.00,6.44,6.52,-,6.64,66.88,75.15,6.46,6.22,5.86,8.85/9.15,6.88
"Sep. 9, 2016",4.00,21.00,-,-,-,-,-,6.50,6.00,7.00,7.00,9.30/9.70,7.00/7.50,4.00,6.38,6.56,6.65,-,66.55,75.02,6.31,6.13,5.76,8.85/9.15,6.84
"Sep. 2, 2016",4.00,21.00,4.82,74.31,14.11,29.21,47.93,6.50,6.00,7.00,7.00,9.30/9.70,7.00/7.50,4.00,6.38,6.56,-,6.67,66.84,74.80,6.46,6.28,5.85,8.85/9.15,6.97
"Aug. 26, 2016",4.00,21.00,-,-,-,-,-,6.50,6.00,7.00,7.00,9.30/9.70,7.00/7.50,4.00,6.40,6.56,6.67,-,67.03,75.74,6.44,6.24,5.85,8.85/9.15,7.13
"Aug. 19, 2016",4.00,21.00,4.64,74.80,6.51,29.03,49.62,6.50,6.00,7.00,7.00,9.30/9.70,7.00/7.50,4.00,6.39,6.56,-,6.67,66.93,75.87,6.45,6.28,6.05,8.85/9.15,7.13
"Aug. 12, 2016",4.00,21.00,-,-,-,-,-,6.50,6.00,7.00,7.00,9.30/9.70,7.00/7.50,4.00,6.45,6.56,6.65,-,66.83,74.46,6.64,6.34,6.20,8.85/9.15,7.11
"Aug. 5, 2016",4.00,21.00,4.72,74.76,10.72,29.32,54.51,6.50,6.00,7.00,7.00,9.30/9.70,7.00/7.50,4.00,6.37,6.56,-,6.69,66.81,74.45,6.47,6.29,6.05,8.85/9.15,7.20
"Jul. 29, 2016",4.00,21.00,-,-,-,-,-,6.50,6.00,7.00,7.00,9.30/9.70,7.00/7.50,4.00,6.39,6.56,6.69,-,67.03,74.27,6.35,6.24,6.03,8.90/9.15,7.27
"Jul. 22, 2016",4.00,21.00,4.68,75.13,5.21,29.02,52.36,6.50,6.00,7.00,7.00,9.30/9.70,7.00/7.50,4.00,6.38,6.56,-,6.74,67.14,74.03,6.35,6.23,6.08,8.90/9.15,7.28
"Jul. 15, 2016",4.00,21.00,-,-,-,-,-,6.50,6.00,7.00,7.00,9.30/9.70,7.00/7.50,4.00,6.36,6.56,6.72,-,67.07,74.60,6.44,6.26,6.10,8.90/9.15,7.31
"Jul. 8, 2016",4.00,21.25,4.70,75.40,12.40,28.91,49.56,6.50,6.00,7.00,7.00,9.30/9.70,7.00/7.50,4.00,6.31,6.60,-,6.81,67.46,74.72,6.40,6.34,6.09,8.90/9.15,7.47
"Jul. 1, 2016",4.00,21.25,-,-,-,-,-,6.50,6.00,7.00,7.00,9.30/9.70,7.00/7.50,4.00,6.30,6.73,6.82,-,67.44,74.74,6.41,6.38,6.21,8.90/9.15,7.43
"Jun. 24, 2016",4.00,21.25,4.82,75.62,2.36,28.76,49.93,6.50,6.00,7.00,7.00,9.30/9.70,7.00/7.60,4.00,6.33,6.77,-,6.90,68.01,75.10,6.35,6.32,6.12,8.90/9.15,7.55
"Jun. 17, 2016",4.00,21.25,-,-,-,-,-,6.50,6.00,7.00,7.00,9.30/9.70,7.00/7.60,4.00,6.37,6.77,6.91,-,67.17,75.46,6.43,6.58,6.40,8.90/9.15,7.49
"Jun. 10, 2016",4.00,21.25,4.69,75.77,-4.83,28.81,56.01,6.50,6.00,7.00,7.00,9.30/9.70,7.00/7.50,4.00,6.34,6.81,-,6.95,66.79,75.47,6.29,6.47,6.29,8.90/9.15,7.48
"Jun. 3, 2016",4.00,21.25,-,-,-,-,-,6.50,6.00,7.00,7.00,9.30/9.70,7.00/7.50,4.00,6.34,6.85,6.95,-,67.24,74.99,6.16,6.34,6.19,8.90/9.15,7.49
"May 27, 2016",4.00,21.25,4.68,75.83,1.90,28.69,49.88,6.50,6.00,7.00,7.00,9.30/9.70,7.00/7.50,4.00,6.42,6.27,-,6.47,67.06,75.09,6.35,6.44,6.32,8.90/9.15,6.67
"May 20, 2016",4.00,21.25,-,-,-,-,-,6.50,6.00,7.00,7.00,9.30/9.70,7.00/7.50,4.00,6.44,6.85,6.95,-,67.41,75.54,6.59,6.44,6.42,8.90/9.15,7.49
"May 13, 2016",4.00,21.25,4.78,76.01,1.64,28.43,40.58,6.50,6.00,7.00,7.00,9.30/9.70,7.00/7.50,4.00,6.51,6.85,-,6.95,66.76,75.72,6.65,6.71,6.61,8.90/9.15,7.46
"May 6, 2016",4.00,21.25,-,-,-,-,-,6.50,6.00,7.00,7.00,9.30/9.70,7.00/7.50,4.00,6.39,6.85,6.93,-,66.58,75.93,6.85,6.70,6.58,8.90/9.15,7.50
"Apr. 29, 2016",4.00,21.25,4.81,75.81,-8.58,28.25,31.94,6.50,6.00,7.00,7.00,9.30/9.70,7.00/8.00,4.00,6.49,6.81,-,6.91,66.52,75.73,7.22,6.80,6.57,8.95/9.15,7.44
"Apr. 22, 2016",4.00,21.25,-,-,-,-,-,6.50,6.00,7.00,7.00,9.30/9.70,7.00/7.50,4.00,6.49,6.81,6.91,-,66.49,75.10,7.22,6.98,6.72,8.95/9.15,7.45
"Apr. 15, 2016",4.00,21.25,4.66,76.05,-10.72,28.71,60.41,6.50,6.00,7.00,7.00,9.30/9.70,7.00/7.50,4.00,6.45,6.81,-,6.90,66.43,75.46,7.23,6.89,6.74,8.95/9.15,7.42
"Apr. 8, 2016",4.00,21.25,-,-,-,-,-,6.50,6.00,7.00,7.00,9.30/9.70,7.00/7.50,4.00,6.46,6.85,6.93,-,66.47,75.90,6.68,6.50,6.44,8.95/9.15,7.45
"Apr. 1, 2016",4.00,21.50,5.50,77.46,73.75,26.70,-13.02,6.75,5.75,7.75,7.75,9.30/9.70,7.00/7.50,4.00,7.35,7.27,-,7.11,66.33,75.10,6.78,6.63,6.57,8.95/9.15,7.42
"Mar. 25, 2016",4.00,21.50,-,-,-,-,-,6.75,5.75,7.75,7.75,9.30/9.70,7.00/7.90,4.00,6.91,7.23,7.17,-,66.86,74.91,9.69,7.69,7.13,-,7.52
"Mar. 18, 2016",4.00,21.50,4.75,77.60,87.68,28.15,17.52,6.75,5.75,7.75,7.75,9.30/9.70,7.00/7.90,4.00,6.88,7.27,-,7.17,66.61,75.30,8.74,7.57,7.10,-,7.55
"Mar. 11, 2016",4.00,21.50,-,-,-,-,-,6.75,5.75,7.75,7.75,9.30/9.70,7.00/7.90,4.00,6.77,7.27,7.23,-,67.09,74.94,9.48,7.87,7.39,-,7.64
"Mar. 4, 2016",4.00,21.50,4.77,77.06,81.54,29.03,27.36,6.75,5.75,7.75,7.75,9.30/9.70,7.00/7.90,4.00,6.77,7.27,-,7.19,67.27,73.67,8.38,7.49,7.06,-,7.63
"Feb. 26, 2016",4.00,21.50,-,-,-,-,-,6.75,5.75,7.75,7.75,9.30/9.70,7.00/7.90,4.00,6.73,0.00,0.00,-,68.78,76.04,8.29,7.36,6.86,-,7.77
"Feb. 19, 2016",4.00,21.50,4.76,76.70,77.79,29.06,27.54,6.75,5.75,7.75,7.75,9.30/9.70,7.00/7.90,4.00,6.79,7.35,-,7.28,68.49,76.33,6.39,6.83,6.63,-,7.73
"Feb. 12, 2016",4.00,21.50,-,-,-,-,-,6.75,5.75,7.75,7.75,9.30/9.70,7.00/7.90,4.00,6.83,7.35,7.27,-,68.44,77.36,6.14,6.58,6.40,-,7.70
"Feb. 5, 2016",4.00,21.50,4.77,76.42,74.52,29.51,32.71,6.75,5.75,7.75,7.75,9.30/9.70,7.00/7.90,4.00,6.67,7.35,-,7.27,67.64,75.73,6.12,6.56,6.37,-,7.68
"Jan. 29, 2016",4.00,21.50,-,-,-,-,-,6.75,5.75,7.75,7.75,9.30/9.70,7.00/7.90,4.00,6.89,0.00,7.23,-,67.88,74.07,6.01,6.36,6.22,-,7.64
"Jan. 22, 2016",4.00,21.50,4.77,76.49,75.18,29.26,29.96,6.75,5.75,7.75,7.75,9.30/9.70,7.00/7.90,4.00,6.81,7.31,-,7.21,67.75,73.41,6.73,6.44,6.32,-,7.64
"Jan. 15, 2016",4.00,21.50,-,-,-,-,-,6.75,5.75,7.75,7.75,9.30/9.70,7.00/7.90,4.00,6.82,7.23,7.23,-,67.43,73.39,7.12,6.58,6.38,-,7.66
"Jan. 8, 2016",4.00,21.50,4.70,76.32,73.12,29.53,33.35,6.75,5.75,7.75,7.75,9.30/9.70,7.00/7.90,4.00,6.79,7.23,-,7.21,66.67,72.53,6.30,6.27,6.31,-,7.59
"Jan. 1, 2016",4.00,21.50,-,-,-,-,-,6.75,5.75,7.75,7.75,9.30/9.70,7.00/7.90,4.00,6.78,7.23,7.25,-,66.18,71.86,6.17,6.17,6.33,-,7.81
"Dec. 25, 2015",4.00,21.50,5.14,76.40,73.78,29.34,31.22,6.75,5.75,7.75,7.75,9.30/9.70,7.00/7.90,4.00,6.76,7.23,-,7.25,66.20,72.41,6.34,6.22,6.47,-,7.82
"Dec. 18, 2015",4.00,21.50,-,-,-,-,-,6.75,5.75,7.75,7.75,9.30/9.70,7.00/7.90,4.00,6.74,7.23,7.25,-,66.42,72.14,6.32,6.23,6.41,-,7.72
"Dec. 11, 2015",4.00,21.50,4.77,75.84,65.94,29.90,39.09,6.75,5.75,7.75,7.75,9.30/9.70,7.00/7.90,4.00,6.66,7.19,-,7.25,66.79,73.10,6.47,6.17,6.33,-,7.80
"Dec. 4, 2015",4.00,21.50,-,-,-,-,-,6.75,5.75,7.75,7.75,9.30/9.70,7.00/7.90,4.00,6.71,7.14,7.23,-,66.84,73.05,6.28,6.16,6.31,-,7.83
"Nov. 27, 2015",4.00,21.50,4.96,75.27,56.05,29.57,34.86,6.75,5.75,7.75,7.75,9.30/9.70,7.00/7.90,4.00,6.81,7.14,-,7.24,66.75,70.88,7.10,6.32,6.46,-,7.83
"Nov. 20, 2015",4.00,21.50,-,-,-,-,-,6.75,5.75,7.75,7.75,9.30/9.70,7.00/7.90,4.00,6.76,7.14,7.21,-,66.09,70.86,7.26,6.54,6.54,-,7.72
"Nov. 13, 2015",4.00,21.50,4.79,75.05,51.76,29.57,35.04,6.75,5.75,7.75,7.75,9.30/9.70,7.00/7.90,4.00,6.91,7.14,-,7.24,66.14,71.26,6.53,6.53,6.53,-,7.70
"Nov. 6, 2015",4.00,21.50,-,-,-,-,-,6.75,5.75,7.75,7.75,9.30/9.70,7.00/7.90,4.00,6.58,7.10,7.19,-,65.79,71.55,6.48,6.63,6.60,-,7.73
"Oct. 30, 2015",4.00,21.50,4.80,74.44,44.09,29.33,31.14,6.75,5.75,7.75,7.75,9.30/9.70,7.00/7.90,4.00,6.77,7.10,-,7.18,65.22,71.67,6.53,6.62,6.62,-,7.69
"Oct. 23, 2015",4.00,21.50,-,-,-,-,-,6.75,5.75,7.75,7.75,9.30/9.70,7.00/7.90,4.00,6.78,7.10,7.17,-,64.88,72.06,6.72,6.65,6.71,-,7.60
"Oct. 16, 2015",4.00,21.50,4.81,74.76,45.68,29.36,31.93,6.75,5.75,7.75,7.75,9.30/9.70,7.00/7.90,4.00,6.72,7.06,-,7.15,64.97,73.99,6.74,6.65,6.66,-,7.58
"Oct. 9, 2015",4.00,21.50,-,-,-,-,-,6.75,5.75,7.75,7.75,9.30/9.70,7.00/7.90,4.00,6.62,7.06,7.10,-,64.78,73.08,6.85,6.73,6.70,-,7.55
"Oct. 2, 2015",4.00,21.50,4.82,74.53,46.60,29.40,32.11,6.75,5.75,7.75,7.75,9.60/9.95,7.25/8.00,4.00,6.97,7.06,-,7.17,65.55,73.08,6.77,6.59,6.44,-,7.57
"Sep. 25, 2015",4.00,21.50,-,-,-,-,-,7.25,6.25,8.25,8.25,9.70/10.00,7.25/8.00,4.00,7.05,7.39,7.47,-,66.10,73.96,6.54,6.60,6.54,-,7.71
"Sep. 18, 2015",4.00,21.50,4.90,74.85,39.81,29.61,37.71,7.25,6.25,8.25,8.25,9.70/10.00,7.25/8.00,4.00,7.28,7.48,-,7.50,65.93,75.13,6.92,6.67,6.58,-,7.70
"Sep. 11, 2015",4.00,21.50,-,-,-,-,-,7.25,6.25,8.25,8.25,9.70/10.00,7.25/8.00,4.00,7.17,7.44,7.49,-,66.39,74.90,6.69,6.60,6.45,-,7.77
"Sep. 4, 2015",4.00,21.50,4.72,74.22,33.11,29.88,41.55,7.25,6.25,8.25,8.25,9.70/10.00,7.25/8.00,4.00,7.07,7.44,-,7.50,66.40,73.89,6.69,6.63,6.54,-,7.75
"Aug. 28, 2015",4.00,21.50,-,-,-,-,-,7.25,6.25,8.25,8.25,9.70/10.00,7.25/8.00,4.00,7.03,7.44,7.49,-,66.08,74.37,6.81,6.72,6.64,-,7.78
"Aug. 21, 2015",4.00,21.50,4.75,74.40,30.45,29.95,45.04,7.25,6.25,8.25,8.25,9.70/10.00,7.25/8.25,4.00,7.11,7.44,-,7.54,65.83,74.27,7.75,7.05,6.84,-,7.79
"Aug. 14, 2015",4.00,21.50,-,-,-,-,-,7.25,6.25,8.25,8.25,9.70/10.00,7.50/8.25,4.00,7.09,7.27,7.51,-,65.12,72.56,7.46,6.85,6.93,-,7.75
"Aug. 7, 2015",4.00,21.50,4.73,74.63,33.31,29.95,45.78,7.25,6.25,8.25,8.25,9.70/10.00,7.75/8.25,4.00,7.05,7.44,-,7.58,63.81,69.66,7.15,7.27,7.12,-,7.82
"Jul. 31, 2015",4.00,21.50,-,-,-,-,-,7.25,6.25,8.25,8.25,9.70/10.00,7.75/8.25,4.00,7.06,7.48,7.53,-,64.01,70.16,7.12,7.12,7.06,-,7.80
"Jul. 24, 2015",4.00,21.50,4.79,74.93,34.19,29.84,45.34,7.25,6.25,8.25,8.25,9.70/10.00,8.00/8.25,4.00,7.03,7.48,-,7.62,63.89,70.12,7.32,7.20,7.20,-,7.84
"Jul. 17, 2015",4.00,21.50,-,-,-,-,-,7.25,6.25,8.25,8.25,9.70/10.00,8.00/8.50,4.00,7.05,7.52,7.60,-,63.49,69.14,7.37,7.31,7.28,-,7.84
"Jul. 10, 2015",4.00,21.50,4.70,75.10,38.43,29.85,45.70,7.25,6.25,8.25,8.25,9.70/10.00,8.00/8.50,4.00,7.02,7.52,-,7.62,63.38,70.43,7.38,7.32,7.23,8.90/9.15,7.81
"Jul. 3, 2015",4.00,21.50,-,-,-,-,-,7.25,6.25,8.25,8.25,9.70/10.00,8.00/8.50,4.00,7.04,7.56,7.66,-,63.40,70.33,7.29,7.26,7.16,0.00/0.00,7.79
"Jun. 26, 2015",4.00,21.50,4.81,75.69,46.34,29.71,45.93,7.25,6.25,8.25,8.25,9.70/10.00,8.00/8.50,4.00,7.08,7.69,-,7.72,63.60,71.23,7.36,7.30,7.23,-,7.83
"Jun. 19, 2015",4.00,21.50,-,-,-,-,-,7.25,6.25,8.25,8.25,9.70/10.00,8.00/8.50,4.00,7.02,7.69,7.75,-,63.82,72.36,7.15,7.33,7.21,-,7.71
"Jun. 12, 2015",4.00,21.50,4.77,75.90,50.36,30.13,63.99,7.25,6.25,8.25,8.25,9.70/10.00,8.00/8.50,4.00,7.17,7.69,-,7.77,64.03,71.90,7.31,7.31,7.18,-,7.90
"Jun. 5, 2015",4.00,21.50,-,-,-,-,-,7.25,6.25,8.25,8.25,9.75/10.00,8.00/8.50,4.00,7.19,7.69,7.75,-,63.90,71.82,7.23,7.32,7.20,-,7.79
"May 29, 2015",4.00,21.50,4.88,75.47,37.89,29.85,51.60,7.50,6.50,8.50,8.50,9.75/10.00,8.00/8.50,4.00,7.52,7.85,-,7.83,63.76,69.91,7.34,7.28,7.09,-,7.64
"May 22, 2015",4.00,21.50,-,-,-,-,-,7.50,6.50,8.50,8.50,9.75/10.00,8.00/8.50,4.00,7.56,7.89,7.90,-,63.57,70.93,7.74,7.55,7.46,-,7.67
"May 15, 2015",4.00,21.50,4.76,75.89,46.37,29.94,60.65,7.50,6.50,8.50,8.50,9.75/10.00,8.00/8.50,4.00,7.38,7.98,-,0.00,63.58,72.38,7.93,7.61,7.49,-,8.03
"May 8, 2015",4.00,21.50,-,-,-,-,-,7.50,6.50,8.50,8.50,9.75/10.00,8.00/8.50,4.00,7.39,7.98,7.97,-,64.05,71.76,7.96,7.62,7.49,-,8.03
"May 1, 2015",4.00,21.50,5.15,75.80,51.37,29.36,34.09,7.50,6.50,8.50,8.50,9.75/10.25,8.00/8.50,4.00,7.53,7.94,-,7.91,63.58,70.53,8.49,7.61,7.39,-,7.89
"Apr. 24, 2015",4.00,21.50,-,-,-,-,-,7.50,6.50,8.50,8.50,9.75/10.25,8.00/8.50,4.00,7.51,7.89,7.90,-,63.40,68.49,7.67,7.51,7.44,-,7.85
"Apr. 17, 2015",4.00,21.50,4.75,75.73,36.09,29.57,46.31,7.50,6.50,8.50,8.50,9.75/10.25,8.00/8.75,4.00,7.39,7.85,-,7.88,62.35,67.13,7.99,7.83,7.83,-,7.84
"Apr. 10, 2015",4.00,21.50,-,-,-,-,-,7.50,6.50,8.50,8.50,9.75/10.25,8.00/8.75,4.00,7.36,7.85,7.88,-,62.37,66.49,7.89,7.82,7.89,-,7.82
"Apr. 3, 2015",4.00,21.50,4.72,76.65,81.72,28.62,13.79,7.50,6.50,8.50,8.50,10.00/10.25,8.00/8.75,4.00,9.23,-,-,-,62.59,67.51,7.86,7.86,7.73,-,-
"Mar. 27, 2015",4.00,21.50,-,-,-,-,-,7.50,6.50,8.50,8.50,10.00/10.25,8.00/8.75,4.00,7.36,8.27,8.14,-,62.61,68.15,9.78,8.50,8.11,-,7.84
"Mar. 20, 2015",4.00,21.50,4.97,76.46,64.83,29.18,33.23,7.50,6.50,8.50,8.50,10.00/10.25,8.00/8.75,4.00,7.48,8.31,-,7.98,62.49,66.80,9.03,8.19,7.94,-,7.83
"Mar. 13, 2015",4.00,21.50,-,-,-,-,-,7.50,6.50,8.50,8.50,10.00/10.25,8.00/8.75,4.00,7.37,8.31,8.16,-,62.67,66.42,8.90,8.17,7.88,-,7.86
"Mar. 6, 2015",4.00,21.50,4.87,76.27,62.48,30.06,42.23,7.50,6.50,8.50,8.50,10.00/10.25,8.00/8.75,4.00,7.35,8.23,-,7.90,62.20,68.60,8.49,8.10,7.88,-,7.76
"Feb. 27, 2015",4.00,21.50,-,-,-,-,-,7.75,6.75,8.75,8.75,10.00/10.25,8.00/8.75,4.00,7.65,8.39,8.33,-,61.79,69.29,9.32,8.29,7.99,-,7.77
"Feb. 20, 2015",4.00,21.50,4.68,76.15,59.71,29.93,42.08,7.75,6.75,8.75,8.75,10.00/10.25,8.00/8.75,4.00,7.68,8.35,-,8.04,62.26,70.72,7.23,7.90,7.58,-,7.73
"Feb. 13, 2015",4.00,21.50,-,-,-,-,-,7.75,6.75,8.75,8.75,10.00/10.25,8.00/8.75,4.00,7.78,8.27,8.25,-,62.14,71.05,7.34,7.79,7.60,-,7.71
"Feb. 6, 2015",4.00,22.00,4.90,76.11,59.08,29.86,41.49,7.75,6.75,8.75,8.75,10.00/10.25,8.00/8.75,4.00,7.64,8.27,-,8.04,61.74,70.79,7.09,7.81,7.52,-,7.72
"Jan. 30, 2015",4.00,22.00,-,-,-,-,-,7.75,6.75,8.75,8.75,10.00/10.25,8.00/8.75,4.00,7.79,8.23,8.14,-,61.76,70.03,7.09,7.84,7.35,-,7.69
"Jan. 23, 2015",4.00,22.00,4.77,76.11,57.50,30.00,44.26,7.75,6.75,8.75,8.75,10.00/10.25,8.00/8.75,4.00,7.85,8.19,-,7.91,61.50,69.62,7.61,7.74,7.32,-,7.74
"Jan. 16, 2015",4.00,22.00,-,-,-,-,-,7.75,6.75,8.75,8.75,10.00/10.25,8.00/8.75,4.00,7.94,8.39,8.25,-,61.89,72.01,7.95,7.63,7.21,-,7.75
"Jan. 9, 2015",4.00,22.00,4.66,75.94,55.89,29.65,39.83,8.00,7.00,9.00,9.00,10.00/10.25,8.00/8.75,4.00,8.03,8.39,-,8.18,62.40,73.61,8.08,7.76,7.50,-,7.89
"Jan. 2, 2015",4.00,22.00,-,-,-,-,-,8.00,7.00,9.00,9.00,10.00/10.25,8.00/9.00,4.00,8.22,8.31,8.36,-,63.29,76.31,7.96,7.58,7.39,-,7.90
"Dec. 26, 2014",4.00,22.00,4.82,76.13,55.91,29.27,35.99,8.00,7.00,9.00,9.00,10.00/10.25,8.00/9.00,4.00,8.10,8.35,-,8.22,63.64,77.74,7.92,7.23,7.13,-,8.01
"Dec. 19, 2014",4.00,22.00,-,-,-,-,-,8.00,7.00,9.00,9.00,10.00/10.25,8.00/9.00,4.00,8.33,8.35,8.38,-,63.07,77.46,8.09,7.33,7.17,-,7.99
"Dec. 12, 2014",4.00,22.00,4.81,76.01,52.67,29.67,42.10,8.00,7.00,9.00,9.00,10.00/10.25,8.00/9.00,4.00,7.88,8.23,-,8.22,62.44,77.38,8.07,7.30,7.21,-,7.85
"Dec. 5, 2014",4.00,22.00,-,-,-,-,-,8.00,7.00,9.00,9.00,10.00/10.25,8.00/9.00,4.00,7.85,8.23,8.31,-,61.85,76.53,8.15,7.57,7.50,-,7.97
"Nov. 28, 2014",4.00,22.00,4.85,75.56,47.47,29.22,35.49,8.00,7.00,9.00,9.00,10.00/10.25,8.00/9.00,4.00,7.90,8.27,-,8.29,61.97,77.16,7.84,7.49,7.42,-,8.10
"Nov. 21, 2014",4.00,22.00,-,-,-,-,-,8.00,7.00,9.00,9.00,10.00/10.25,8.00/9.00,4.00,7.82,8.27,8.40,-,61.85,77.62,8.15,7.95,7.73,-,8.19
"Nov. 14, 2014",4.00,22.00,4.73,75.76,47.23,29.27,37.06,8.00,7.00,9.00,9.00,10.00/10.25,8.00/9.00,4.00,7.89,8.31,-,8.35,61.65,76.70,7.79,7.92,7.79,-,8.23
"Nov. 7, 2014",4.00,22.00,-,-,-,-,-,8.00,7.00,9.00,9.00,10.00/10.25,8.00/9.00,4.00,7.67,8.31,8.40,-,61.52,76.16,7.41,7.61,7.38,-,8.22
"Oct. 31, 2014",4.00,22.00,4.81,75.78,48.75,29.18,35.41,8.00,7.00,9.00,9.00,10.00/10.25,8.00/9.05,4.00,7.91,8.44,-,8.41,61.41,77.19,7.62,7.88,7.85,-,8.28
"Oct. 24, 2014",4.00,22.00,-,-,-,-,-,8.00,7.00,9.00,9.00,10.00/10.25,8.00/9.05,4.00,8.43,8.44,8.53,-,61.24,77.97,8.03,8.03,7.87,-,8.37
"Oct. 17, 2014",4.00,22.00,4.72,75.73,44.44,29.38,39.42,8.00,7.00,9.00,9.00,10.00/10.25,8.00/9.05,4.00,7.79,8.48,-,8.57,61.62,78.89,8.18,7.98,7.79,-,8.40
"Oct. 10, 2014",4.00,22.00,-,-,-,-,-,8.00,7.00,9.00,9.00,10.00/10.25,8.00/9.05,4.00,7.91,8.48,8.62,-,61.16,77.67,8.24,8.11,7.98,-,8.47
"Oct. 3, 2014",4.00,22.00,4.76,75.63,47.09,29.08,33.93,8.00,7.00,9.00,9.00,10.00/10.25,8.00/9.05,4.00,7.76,8.52,-,8.65,61.75,77.95,8.94,8.16,8.03,-,8.49
"Sep. 26, 2014",4.00,22.00,-,-,-,-,-,8.00,7.00,9.00,9.00,10.00/10.25,8.00/9.05,4.00,7.85,8.52,8.66,-,61.57,78.45,8.38,8.32,8.22,-,8.45
"Sep. 19, 2014",4.00,22.00,4.76,75.82,38.01,29.32,41.00,8.00,7.00,9.00,9.00,10.00/10.25,8.00/9.05,4.00,7.93,8.60,-,8.66,60.81,78.47,9.47,8.49,8.42,-,8.47
"Sep. 12, 2014",4.00,22.00,-,-,-,-,-,8.00,7.00,9.00,9.00,10.00/10.25,8.00/9.05,4.00,7.82,8.60,8.71,-,60.84,78.64,8.38,8.51,8.45,-,8.51
"Sep. 5, 2014",4.00,22.00,4.70,75.51,34.37,29.88,50.80,8.00,7.00,9.00,9.00,10.00/10.25,8.00/9.05,4.00,7.48,8.60,-,8.66,60.44,78.20,8.44,8.54,8.54,-,8.54
"Aug. 29, 2014",4.00,22.00,-,-,-,-,-,8.00,7.00,9.00,9.00,10.00/10.25,8.00/9.05,4.00,8.01,8.60,8.68,-,60.47,79.86,9.82,8.47,8.43,-,8.57
"Aug. 22, 2014",4.00,22.00,4.71,76.00,35.95,29.40,44.73,8.00,7.00,9.00,9.00,10.00/10.25,8.00/9.05,4.00,7.86,8.65,-,8.68,60.44,80.35,8.74,8.60,8.57,-,8.53
"Aug. 15, 2014",4.00,22.00,-,-,-,-,-,8.00,7.00,9.00,9.00,10.00/10.25,8.00/9.05,4.00,8.25,8.65,8.71,-,61.06,81.56,9.14,8.52,8.48,-,8.53
"Aug. 8, 2014",4.00,22.50,4.64,76.06,38.21,29.39,44.19,8.00,7.00,9.00,9.00,10.00/10.25,8.00/9.05,4.00,7.97,8.65,-,8.74,61.56,82.41,8.77,8.58,8.51,-,8.65
"Aug. 1, 2014",4.00,22.50,-,-,-,-,-,8.00,7.00,9.00,9.00,10.00/10.25,8.00/9.05,4.00,8.05,8.65,8.71,-,60.85,81.46,8.87,8.55,8.51,-,8.52
"Jul. 25, 2014",4.00,22.50,4.83,76.54,42.25,29.09,39.42,8.00,7.00,9.00,9.00,10.00/10.25,8.00/9.05,4.00,8.67,8.60,-,8.70,60.14,81.02,8.18,8.71,8.68,-,8.40
"Jul. 18, 2014",4.00,22.50,-,-,-,-,-,8.00,7.00,9.00,9.00,10.00/10.25,8.00/9.05,4.00,8.05,8.60,8.64,-,60.33,81.58,8.75,8.55,8.55,-,8.77
"Jul. 11, 2014",4.00,22.50,4.70,76.56,43.83,28.91,33.95,8.00,7.00,9.00,9.00,10.00/10.25,8.00/9.05,4.00,8.45,8.56,-,8.67,60.19,81.87,9.87,8.57,8.51,-,8.78
"Jul. 4, 2014",4.00,22.50,-,-,-,-,-,8.00,7.00,9.00,9.00,10.00/10.25,8.00/9.05,4.00,8.08,8.52,8.64,-,59.79,81.32,8.73,8.76,8.90,-,8.67
"Jun. 27, 2014",4.00,22.50,4.89,76.99,52.08,28.85,33.02,8.00,7.00,9.00,9.00,10.00/10.25,8.00/9.05,4.00,8.11,8.56,-,8.70,60.10,81.88,8.69,8.79,8.92,-,8.72
"Jun. 20, 2014",4.00,22.50,-,-,-,-,-,8.00,7.00,9.00,9.00,10.00/10.25,8.00/9.05,4.00,8.18,8.56,8.66,-,60.28,82.12,8.56,8.76,8.66,-,8.70
"Jun. 13, 2014",4.00,23.00,4.95,77.08,49.11,29.05,42.14,8.00,7.00,9.00,9.00,10.00/10.25,8.00/9.05,4.00,8.00,8.56,-,8.60,59.48,80.71,8.57,8.68,8.61,-,8.59
"Jun. 6, 2014",4.00,23.00,-,-,-,-,-,8.00,7.00,9.00,9.00,10.00/10.25,8.00/9.05,4.00,7.90,8.52,8.60,-,59.20,80.83,8.41,8.65,8.82,-,8.52
"May 30, 2014",4.00,23.00,4.84,76.52,32.81,29.05,40.70,8.00,7.00,9.00,9.00,10.00/10.25,8.00/9.05,4.00,7.78,8.65,-,8.70,59.03,80.34,8.13,8.54,8.54,-,8.64
"May 23, 2014",4.00,23.00,-,-,-,-,-,8.00,7.00,9.00,9.00,10.00/10.25,8.00/9.05,4.00,7.87,8.65,8.71,-,58.48,79.81,8.62,8.48,8.38,-,8.68
"May 16, 2014",4.00,23.00,4.76,76.93,32.75,29.31,59.49,8.00,7.00,9.00,9.00,10.00/10.25,8.00/9.05,4.00,8.26,8.86,-,8.89,58.86,80.72,8.26,7.95,7.68,-,8.86
"May 9, 2014",4.00,23.00,-,-,-,-,-,8.00,7.00,9.00,9.00,10.00/10.25,8.00/9.25,4.00,8.04,8.81,8.88,-,60.05,83.07,8.39,8.39,8.23,-,8.77
"May 2, 2014",4.00,23.00,4.81,76.92,40.12,29.07,43.88,8.00,7.00,9.00,9.00,10.00/10.25,8.00/9.25,4.00,8.58,8.86,-,8.92,60.23,83.46,8.27,7.94,7.84,-,8.81
"Apr. 25, 2014",4.00,23.00,-,-,-,-,-,8.00,7.00,9.00,9.00,10.00/10.25,8.00/9.25,4.00,8.46,8.86,8.90,-,61.12,84.52,8.34,8.38,8.21,-,8.94
"Apr. 18, 2014",4.00,23.00,4.75,76.70,17.61,28.88,39.05,8.00,7.00,9.00,9.00,10.00/10.25,8.00/9.25,4.00,8.07,8.85,-,8.96,60.38,83.57,8.35,8.41,8.35,-,8.90
"Apr. 11, 2014",4.00,23.00,-,-,-,-,-,8.00,7.00,9.00,9.00,10.00/10.25,8.00/9.25,4.00,8.12,8.90,8.97,-,60.27,83.74,8.56,8.50,8.43,-,8.99
"Apr. 4, 2014",4.00,23.00,4.69,76.75,38.49,28.64,26.04,8.00,7.00,9.00,9.00,10.00/10.25,8.00/9.25,4.00,8.48,8.94,-,9.02,60.32,82.65,8.55,8.42,8.49,-,9.12
"Mar. 28, 2014",4.00,23.00,-,-,-,-,-,8.00,7.00,9.00,9.00,10.00/10.25,8.00/9.25,4.00,8.59,8.86,8.86,-,60.10,82.58,9.78,8.79,8.95,-,8.84
"Mar. 21, 2014",4.00,23.00,4.68,77.69,76.10,28.71,21.80,8.00,7.00,9.00,9.00,10.00/10.25,8.00/9.25,4.00,8.88,9.19,-,8.89,61.05,84.18,10.03,8.85,8.49,-,8.82
"Mar. 14, 2014",4.00,23.00,-,-,-,-,-,8.00,7.00,9.00,9.00,10.00/10.25,8.00/9.25,4.00,8.18,9.27,9.12,-,61.52,85.23,11.12,9.23,8.65,-,8.82
"Mar. 7, 2014",4.00,23.00,4.76,77.18,71.86,29.09,24.57,8.00,7.00,9.00,9.00,10.00/10.25,8.00/9.25,4.00,7.88,9.19,-,9.03,60.99,84.53,10.63,9.71,8.85,-,8.87
"Feb. 28, 2014",4.00,23.00,-,-,-,-,-,8.00,7.00,9.00,9.00,10.00/10.25,8.00/9.10,4.00,7.93,9.15,9.10,-,62.07,85.03,9.47,9.09,8.64,-,8.86
"Feb. 21, 2014",4.00,23.00,4.70,77.08,70.35,29.51,27.85,8.00,7.00,9.00,9.00,10.00/10.25,8.00/9.10,4.00,8.09,9.11,-,9.00,62.16,85.27,8.30,8.94,8.40,-,8.81
"Feb. 14, 2014",4.00,23.00,-,-,-,-,-,8.00,7.00,9.00,9.00,10.00/10.25,8.00/9.10,4.00,8.90,9.11,9.08,-,62.28,85.18,8.29,8.86,8.54,-,8.83
"Feb. 7, 2014",4.00,23.00,4.72,77.01,69.72,29.43,27.16,8.00,7.00,9.00,9.00,10.00/10.25,8.00/9.10,4.00,7.95,8.98,-,8.97,62.32,84.68,8.09,8.67,8.31,-,8.75
"Jan. 31, 2014",4.00,23.00,-,-,-,-,-,8.00,7.00,9.00,9.00,10.00/10.25,8.00/9.10,4.00,8.11,8.90,8.95,-,62.48,84.60,8.07,8.58,8.26,-,8.81
"Jan. 24, 2014",4.00,23.00,4.88,76.70,66.37,29.37,26.40,7.75,6.75,8.75,8.75,10.00/10.25,8.00/9.10,4.00,8.11,8.69,-,8.67,62.18,85.09,8.59,8.49,8.14,-,8.78
"Jan. 17, 2014",4.00,23.00,-,-,-,-,-,7.75,6.75,8.75,8.75,10.00/10.25,8.00/9.10,4.00,8.57,8.73,8.71,-,61.35,83.52,8.80,8.74,8.25,-,8.66
"Jan. 10, 2014",4.00,23.00,4.82,76.70,66.30,29.57,28.32,7.75,6.75,8.75,8.75,10.00/10.25,8.00/9.05,4.00,8.25,8.73,-,8.74,61.94,84.31,9.30,8.52,8.14,-,8.75
"Jan. 3, 2014",4.00,23.00,-,-,-,-,-,7.75,6.75,8.75,8.75,10.00/10.25,8.00/9.05,4.00,8.19,8.73,8.77,-,62.41,85.20,8.46,8.40,8.20,-,8.82
"Dec. 27, 2013",4.00,23.00,4.95,76.73,65.94,29.52,27.79,7.75,6.75,8.75,8.75,10.00/10.25,8.00/9.05,4.00,8.72,8.69,-,8.84,62.06,85.27,9.28,8.64,8.60,-,8.94
"Dec. 20, 2013",4.00,23.00,-,-,-,-,-,7.75,6.75,8.75,8.75,10.00/10.25,8.00/9.05,4.00,8.64,8.65,8.84,-,62.24,84.88,9.25,8.74,8.42,-,8.80
"Dec. 13, 2013",4.00,23.00,5.16,75.77,56.98,29.71,29.60,7.75,6.75,8.75,8.75,10.00/10.25,8.00/9.05,4.00,7.63,8.77,-,8.85,62.13,85.41,9.08,9.01,8.72,-,8.91
"Dec. 6, 2013",4.00,23.00,-,-,-,-,-,7.75,6.75,8.75,8.75,10.00/10.25,8.00/9.05,4.00,7.23,8.65,8.81,-,61.67,84.25,8.95,8.69,8.56,-,8.85
"Nov. 29, 2013",4.00,23.00,5.02,75.76,55.61,29.79,30.44,7.75,6.75,8.75,8.75,10.00/10.25,8.00/9.05,4.00,8.27,8.94,-,8.93,62.39,84.98,9.04,8.59,8.43,-,8.75
"Nov. 22, 2013",4.00,23.00,-,-,-,-,-,7.75,6.75,8.75,8.75,10.00/10.25,8.00/9.05,4.00,8.68,8.94,9.12,-,63.02,84.92,9.14,9.14,8.79,-,8.79
"Nov. 15, 2013",4.00,23.00,4.87,76.46,60.92,29.88,31.60,7.75,6.75,8.75,8.75,10.00/10.25,8.00/9.05,4.00,8.70,8.98,-,8.99,63.06,84.95,8.94,9.13,8.63,-,9.06
"Nov. 8, 2013",4.00,23.00,-,-,-,-,-,7.75,6.75,8.75,8.75,10.00/10.25,8.00/9.05,4.00,8.18,8.56,8.77,-,62.73,84.06,8.61,8.80,8.42,-,9.02
"Nov. 1, 2013",4.00,23.00,5.12,76.21,59.05,29.56,28.00,7.75,6.75,8.75,8.75,9.80/10.25,8.00/9.05,4.00,8.67,8.60,-,8.58,61.90,83.88,8.53,8.53,8.08,-,8.69
"Oct. 25, 2013",4.00,23.00,-,-,-,-,-,7.50,6.50,9.00,9.00,9.80/10.25,8.00/9.05,4.00,8.98,8.77,8.68,-,61.63,85.14,9.15,8.86,8.39,-,8.58
"Oct. 18, 2013",4.00,23.00,4.95,76.86,63.83,29.87,31.74,7.50,6.50,9.00,9.00,9.80/10.25,8.00/9.05,4.00,8.91,8.90,-,8.71,61.28,83.80,9.50,9.07,8.52,-,8.55
"Oct. 11, 2013",4.00,23.00,-,-,-,-,-,7.50,6.50,9.00,9.00,9.80/10.25,8.00/9.05,4.00,9.08,8.86,8.77,-,61.16,82.78,9.42,8.89,8.21,-,8.49
"Oct. 4, 2013",4.00,23.00,4.80,76.98,66.49,29.63,28.64,7.50,6.50,9.50,9.50,9.80/10.25,8.00/9.05,4.00,9.44,9.57,-,8.92,61.41,83.68,10.36,9.45,8.65,-,8.67
"Sep. 27, 2013",4.00,23.00,-,-,-,-,-,7.50,6.50,9.50,9.50,9.80/10.25,8.00/9.00,4.00,9.46,9.69,9.47,-,61.81,83.42,10.97,9.93,9.04,-,8.71
"Sep. 20, 2013",4.00,23.00,5.07,78.27,83.76,29.52,26.30,7.50,6.50,9.50,9.50,9.80/10.25,8.00/9.00,4.00,10.29,10.45,-,9.46,62.24,84.23,9.93,9.22,8.43,-,8.58
"Sep. 13, 2013",4.00,23.00,-,-,-,-,-,7.25,6.25,10.25,10.25,9.70/10.25,8.00/9.00,4.00,10.38,10.66,10.20,-,63.79,84.67,10.44,9.91,8.90,-,8.49
"Sep. 6, 2013",4.00,23.00,5.19,78.25,83.35,29.93,33.38,7.25,6.25,10.25,10.25,9.70/10.25,8.00/9.00,4.00,10.10,11.26,-,9.89,65.96,86.58,10.01,9.19,7.90,-,8.63
"Aug. 30, 2013",4.00,23.00,-,-,-,-,-,7.25,6.25,10.25,10.25,9.70/10.25,8.00/9.00,4.00,10.23,12.02,12.01,-,66.57,88.16,10.09,9.16,7.62,-,8.60
"Aug. 23, 2013",4.00,23.00,5.11,77.74,74.20,30.32,41.44,7.25,6.25,10.25,10.25,9.70/10.25,8.00/9.00,4.00,10.21,11.05,-,9.94,64.69,86.30,10.02,9.18,8.12,-,8.14
"Aug. 16, 2013",4.00,23.00,-,-,-,-,-,7.25,6.25,10.25,10.25,9.70/10.25,8.00/9.00,4.00,10.18,11.43,11.00,-,61.82,82.45,10.29,9.90,9.46,-,8.78
"Aug. 9, 2013",4.00,23.00,5.09,77.55,70.38,30.25,40.49,7.25,6.25,10.25,10.25,9.70/10.25,7.50/9.00,4.00,9.30,10.92,-,9.88,61.12,81.54,10.01,9.36,8.82,-,7.97
"Aug. 2, 2013",4.00,23.00,-,-,-,-,-,7.25,6.25,10.25,10.25,9.70/10.25,7.50/9.00,4.00,9.45,11.26,10.73,-,60.80,80.37,9.87,9.34,8.83,-,8.15
"Jul. 26, 2013",4.00,23.00,5.04,76.27,43.04,30.81,52.82,7.25,6.25,10.25,10.25,9.70/10.25,7.50/9.00,4.00,8.33,11.00,-,10.46,58.91,78.22,10.29,9.81,9.08,-,8.03
"Jul. 19, 2013",4.00,23.00,-,-,-,-,-,7.25,6.25,10.25,10.25,9.70/10.25,7.50/9.00,4.00,7.74,-,-,-,59.80,78.52,8.23,8.03,7.79,-,7.87
"Jul. 12, 2013",4.00,23.00,4.92,76.25,41.87,30.73,51.54,7.25,6.25,8.25,8.25,9.70/10.25,7.50/9.00,4.00,7.09,7.48,-,7.55,59.90,78.32,6.81,6.54,6.24,-,7.53
"Jul. 5, 2013",4.00,23.00,-,-,-,-,-,7.25,6.25,8.25,8.25,9.70/10.25,7.50/9.00,4.00,6.95,7.52,7.60,-,60.34,77.81,7.16,6.17,6.00,-,7.47
"Jun. 28, 2013",4.00,23.00,5.26,76.37,45.50,30.14,38.48,7.25,6.25,8.25,8.25,9.70/10.25,7.50/9.00,4.00,7.19,7.48,-,7.50,59.70,77.98,6.63,6.23,5.90,-,7.44
"Jun. 21, 2013",4.00,23.00,-,-,-,-,-,7.25,6.25,8.25,8.25,9.70/10.25,7.50/9.00,4.00,7.26,7.44,7.40,-,59.35,78.59,6.87,6.40,5.96,-,7.43
"Jun. 14, 2013",4.00,23.00,5.24,77.09,48.74,30.47,55.94,7.25,6.25,8.25,8.25,9.70/10.25,7.50/9.00,4.00,7.25,7.48,-,7.41,57.74,77.02,6.55,6.17,5.72,-,7.31
"Jun. 7, 2013",4.00,23.00,-,-,-,-,-,7.25,6.25,8.25,8.25,9.70/10.25,7.50/9.00,4.00,7.29,7.35,7.32,-,56.74,75.20,6.77,6.34,5.89,-,7.43
"May 31, 2013",4.00,23.00,4.81,77.22,54.97,29.96,37.43,7.25,6.25,8.25,8.25,9.70/10.25,7.50/9.00,4.00,7.22,7.31,-,7.29,56.50,73.68,7.01,6.58,6.16,-,7.44
"May 24, 2013",4.00,23.00,-,-,-,-,-,7.25,6.25,8.25,8.25,9.70/10.25,7.50/9.00,4.00,7.27,7.27,7.30,-,55.61,71.94,7.12,6.62,6.19,-,7.34
"May 17, 2013",4.00,23.00,5.22,77.54,56.46,29.78,33.42,7.25,6.25,8.25,8.25,9.70/10.25,7.50/9.00,4.00,7.27,7.31,-,7.21,54.89,70.58,7.21,6.85,6.45,-,7.40
"May 10, 2013",4.00,23.00,-,-,-,-,-,7.25,6.25,8.25,8.25,9.70/10.25,7.50/9.00,4.00,7.30,7.48,7.49,-,54.54,71.11,7.04,6.89,6.53,-,7.59
"May 3, 2013",4.00,23.00,4.82,77.59,60.42,29.61,24.19,7.25,6.25,8.25,8.25,9.70/10.25,7.50/9.00,4.00,7.56,7.56,-,7.48,53.95,70.50,7.23,7.12,6.86,-,7.74
"Apr. 26, 2013",4.00,23.00,-,-,-,-,-,7.50,6.50,8.50,8.50,9.70/10.25,7.50/9.00,4.00,7.57,7.64,7.64,-,54.29,70.68,7.29,7.22,6.93,-,7.74
"Apr. 19, 2013",4.00,23.00,5.11,77.36,33.48,29.56,17.06,7.50,6.50,8.50,8.50,9.70/10.25,7.50/9.00,4.00,7.52,7.73,-,7.58,54.03,70.49,7.33,7.33,7.00,-,7.78
"Apr. 12, 2013",4.00,23.00,-,-,-,-,-,7.50,6.50,8.50,8.50,9.70/10.25,7.50/9.00,4.00,7.59,7.81,7.79,-,54.44,71.33,7.60,7.53,7.26,-,7.87
"Apr. 5, 2013",4.00,23.00,4.23,77.43,55.65,29.44,17.18,7.50,6.50,8.50,8.50,9.70/10.25,7.50/9.00,4.00,7.43,7.85,-,7.75,54.88,70.90,7.87,7.87,7.47,-,7.93
"Mar. 29, 2013",4.00,23.00,-,-,-,-,-,7.50,6.50,8.50,8.50,9.70/10.25,7.50/9.00,4.00,8.65,8.19,8.01,-,54.39,69.54,7.72,7.57,7.28,-,7.95
"Mar. 22, 2013",4.00,23.00,4.78,77.95,77.28,29.71,31.85,7.50,6.50,8.50,8.50,9.70/10.25,7.50/9.00,4.00,7.65,8.02,-,7.79,54.34,70.10,9.05,7.95,7.40,-,7.96
"Mar. 15, 2013",4.00,23.00,-,-,-,-,-,7.75,6.75,8.75,8.75,9.70/10.25,7.50/9.00,4.00,7.80,8.10,8.05,-,54.16,70.50,9.64,7.90,7.24,-,7.87
"Mar. 8, 2013",4.00,23.00,4.75,77.79,75.76,30.10,35.60,7.75,6.75,8.75,8.75,9.70/10.25,7.50/9.00,4.00,7.72,8.10,-,7.88,54.40,71.24,8.60,7.79,7.13,-,7.86
"Mar. 1, 2013",4.00,23.00,-,-,-,-,-,7.75,6.75,8.75,8.75,9.70/10.25,7.50/9.00,4.00,7.84,8.10,8.03,-,54.48,71.27,8.48,7.89,7.34,-,7.91
"Feb. 22, 2013",4.00,23.00,5.23,78.13,78.86,29.92,34.58,7.75,6.75,8.75,8.75,9.70/10.50,7.50/9.00,4.00,7.85,8.02,-,7.90,54.43,71.91,7.50,7.94,7.28,-,7.80
"Feb. 15, 2013",4.00,23.00,-,-,-,-,-,7.75,6.75,8.75,8.75,9.70/10.50,7.50/9.00,4.00,7.80,7.98,7.94,-,53.99,72.09,7.11,7.56,7.15,-,7.83
"Feb. 8, 2013",4.25,23.00,4.94,77.61,73.78,30.40,39.23,7.75,6.75,8.75,8.75,9.70/10.50,7.50/9.00,4.00,7.75,7.98,-,7.88,53.57,71.79,7.17,7.69,7.13,-,7.83
"Feb. 1, 2013",4.25,23.00,-,-,-,-,-,7.75,6.75,8.75,8.75,9.75/10.50,7.50/9.00,4.00,7.88,7.94,7.94,-,53.32,72.63,6.75,7.58,7.13,-,7.89
"Jan. 25, 2013",4.25,23.00,5.46,77.39,71.13,30.13,36.98,8.00,7.00,9.00,9.00,9.75/10.50,8.50/9.00,4.00,8.00,7.98,-,7.84,53.85,71.72,7.24,7.43,6.87,-,7.88
"Jan. 18, 2013",4.25,23.00,-,-,-,-,-,8.00,7.00,9.00,9.00,9.75/10.50,8.50/9.00,4.00,8.02,7.98,7.99,-,53.95,72.21,7.45,7.34,6.90,-,7.86
"Jan. 11, 2013",4.25,23.00,5.17,77.12,68.46,30.28,38.44,8.00,7.00,9.00,9.00,9.75/10.50,8.50/9.00,4.00,8.00,8.06,-,7.85,54.54,72.29,7.37,7.04,6.60,-,7.82
"Jan. 4, 2013",4.25,23.00,-,-,-,-,-,8.00,7.00,9.00,9.00,9.75/10.50,8.50/9.00,4.00,8.11,8.10,8.05,-,54.85,71.54,7.00,6.78,6.42,-,7.93
"Dec. 28, 2012",4.25,23.00,5.28,77.61,73.11,29.94,35.51,8.00,7.00,9.00,9.00,9.75/10.50,8.50/9.00,4.00,8.07,8.19,-,8.01,54.85,72.63,7.77,6.78,6.42,-,8.11
"Dec. 21, 2012",4.25,23.00,-,-,-,-,-,8.00,7.00,9.00,9.00,9.75/10.50,8.50/9.00,4.00,8.06,8.14,8.14,-,55.09,72.77,7.84,6.68,6.57,-,8.14
"Dec. 14, 2012",4.25,23.00,5.72,77.13,66.84,30.41,41.68,8.00,7.00,9.00,9.00,9.75/10.50,8.50/9.00,4.00,7.97,8.19,-,8.05,54.39,71.29,7.28,6.77,6.66,-,8.14
"Dec. 7, 2012",4.25,23.00,-,-,-,-,-,8.00,7.00,9.00,9.00,9.75/10.50,8.50/9.00,4.00,8.03,8.19,8.14,-,54.20,70.22,7.20,6.64,6.49,-,8.16
"Nov. 30, 2012",4.25,23.00,5.10,76.97,65.05,30.55,43.17,8.00,7.00,9.00,9.00,9.75/10.50,8.50/9.00,4.00,8.03,8.19,-,8.11,54.53,70.89,7.26,6.42,6.24,-,8.18
"Nov. 23, 2012",4.25,23.00,-,-,-,-,-,8.00,7.00,9.00,9.00,9.75/10.50,8.50/9.00,4.00,8.05,8.19,8.16,-,55.34,71.37,6.61,6.18,5.89,-,8.23
"Nov. 16, 2012",4.25,23.00,5.41,76.36,56.43,30.80,47.21,8.00,7.00,9.00,9.00,9.75/10.50,8.50/9.00,4.00,8.05,8.19,-,8.11,54.99,70.22,6.87,6.26,5.86,-,8.19
"Nov. 9, 2012",4.25,23.00,-,-,-,-,-,8.00,7.00,9.00,9.00,9.75/10.50,8.50/9.00,4.00,8.03,8.14,8.16,-,54.34,69.43,7.40,6.55,6.15,-,8.22
"Nov. 2, 2012",4.50,23.00,5.27,75.51,47.06,30.92,47.93,8.00,7.00,9.00,9.00,9.75/10.50,8.50/9.00,4.00,8.02,8.14,-,8.11,53.66,69.24,7.16,6.86,6.45,-,8.20
"Oct. 26, 2012",4.50,23.00,-,-,-,-,-,8.00,7.00,9.00,9.00,9.75/10.50,8.50/9.00,4.00,8.07,8.10,8.07,-,53.63,69.75,7.38,6.56,6.15,-,8.13
"Oct. 19, 2012",4.50,23.00,5.82,75.38,42.56,30.65,45.94,8.00,7.00,9.00,9.00,9.75/10.50,8.50/9.00,4.00,8.04,8.10,-,7.97,53.72,70.17,6.92,6.33,5.96,-,8.13
"Oct. 12, 2012",4.50,23.00,-,-,-,-,-,8.00,7.00,9.00,9.00,9.75/10.50,8.50/9.00,4.00,8.04,8.10,8.10,-,52.70,68.16,7.06,6.76,6.41,-,8.17
"Oct. 5, 2012",4.50,23.00,4.80,75.08,40.22,31.12,51.27,8.00,7.00,9.00,9.00,9.75/10.50,8.50/9.25,4.00,7.81,8.06,-,8.00,51.62,67.17,7.79,7.21,6.70,-,8.16
"Sep. 28, 2012",4.50,23.00,-,-,-,-,-,8.00,7.00,9.00,9.00,9.75/10.50,8.50/9.25,4.00,8.02,8.14,8.14,-,52.70,68.15,8.08,7.02,6.53,-,8.15
"Sep. 21, 2012",4.75,23.00,5.71,75.71,39.65,30.96,54.81,8.00,7.00,9.00,9.00,9.75/10.50,8.50/9.25,4.00,8.02,8.10,-,8.06,53.91,70.01,6.57,6.46,6.05,-,8.17
"Sep. 14, 2012",4.75,23.00,-,-,-,-,-,8.00,7.00,9.00,9.00,9.75/10.50,8.50/9.25,4.00,7.97,8.14,8.14,-,54.73,71.34,6.80,6.72,6.40,-,8.18
"Sep. 7, 2012",4.75,23.00,5.63,75.07,33.02,31.29,57.87,8.00,7.00,9.00,9.00,9.75/10.50,8.50/9.25,4.00,7.65,8.14,-,8.08,55.52,70.20,7.24,7.13,6.77,-,8.20
"Aug. 31, 2012",4.75,23.00,-,-,-,-,-,8.00,7.00,9.00,9.00,9.75/10.50,8.50/9.25,4.00,7.97,8.23,8.25,-,55.72,69.66,7.54,7.32,6.93,-,8.24
"Aug. 24, 2012",4.75,23.00,5.68,75.03,28.86,31.09,56.75,8.00,7.00,9.00,9.00,9.75/10.50,8.50/9.25,4.00,7.93,8.23,-,8.12,55.38,69.48,7.80,7.44,6.83,-,8.16
"Aug. 17, 2012",4.75,23.00,-,-,-,-,-,8.00,7.00,9.00,9.00,9.75/10.50,8.50/9.25,4.00,8.02,8.27,8.27,-,55.70,68.85,8.29,7.47,6.93,-,8.21
"Aug. 10, 2012",4.75,24.00,5.76,75.16,30.00,30.71,51.14,8.00,7.00,9.00,9.00,9.75/10.50,8.00/9.25,4.00,8.00,8.23,-,8.06,55.34,68.04,7.81,7.37,6.87,-,8.12
"Aug. 3, 2012",4.75,24.00,-,-,-,-,-,8.00,7.00,9.00,9.00,9.75/10.50,8.00/9.25,4.00,8.01,8.23,8.25,-,56.08,68.36,7.81,7.20,6.74,-,8.25
"Jul. 27, 2012",4.75,24.00,5.79,75.31,27.40,30.71,53.41,8.00,7.00,9.00,9.00,9.75/10.50,8.00/9.25,4.00,7.97,8.14,-,7.98,55.41,68.10,7.58,7.15,6.53,-,8.10
"Jul. 20, 2012",4.75,24.00,-,-,-,-,-,8.00,7.00,9.00,9.00,9.75/10.50,8.00/9.25,4.00,8.05,8.19,8.12,-,55.15,67.60,7.62,7.25,6.56,-,8.06
"Jul. 13, 2012",4.75,24.00,5.75,75.91,36.01,30.50,50.93,8.00,7.00,9.00,9.00,9.75/10.50,8.00/9.25,4.00,8.07,8.23,-,8.06,55.66,67.88,7.65,7.11,6.36,-,-
"Jul. 6, 2012",4.75,24.00,-,-,-,-,-,8.00,7.00,9.00,9.00,9.75/10.50,8.00/9.25,4.00,8.11,8.27,8.27,-,55.42,68.61,7.80,7.29,6.46,-,8.13
"Jun. 29, 2012",4.75,24.00,5.88,76.42,46.70,29.91,39.01,8.00,7.00,9.00,9.00,9.75/10.50,8.00/9.25,4.00,8.13,8.31,-,8.12,56.31,70.91,7.67,7.17,6.36,-,8.17
"Jun. 22, 2012",4.75,24.00,-,-,-,-,-,8.00,7.00,9.00,9.00,9.75/10.50,8.00/9.25,4.00,8.21,8.31,8.31,-,56.99,71.57,7.37,6.95,5.97,-,8.08
"Jun. 15, 2012",4.75,24.00,5.78,77.06,49.08,30.18,52.02,8.00,7.00,9.00,9.00,9.75/10.50,8.00/9.25,4.00,8.06,8.14,-,7.83,55.76,70.44,6.89,6.60,5.74,-,8.05
"Jun. 8, 2012",4.75,24.00,-,-,-,-,-,8.00,7.00,9.00,9.00,9.75/10.50,8.00/9.25,4.00,8.14,8.27,8.16,-,55.36,69.21,7.26,6.65,5.64,-,8.35
"Jun. 1, 2012",4.75,24.00,5.52,76.74,43.81,30.09,47.32,8.00,7.00,9.00,9.00,9.75/10.50,8.00/9.25,4.00,8.10,8.39,-,8.28,55.92,69.13,7.30,6.80,5.65,-,8.37
"May 25, 2012",4.75,24.00,-,-,-,-,-,8.00,7.00,9.00,9.00,9.75/10.50,8.00/9.25,4.00,8.22,8.39,8.42,-,55.73,69.89,7.75,7.11,6.14,-,8.54
"May 18, 2012",4.75,24.00,5.70,76.69,24.69,30.10,56.62,8.00,7.00,9.00,9.00,9.75/10.50,8.00/9.25,4.00,8.22,8.39,-,8.29,54.88,69.49,7.76,7.03,6.23,-,8.53
"May 11, 2012",4.75,24.00,-,-,-,-,-,8.00,7.00,9.00,9.00,9.75/10.50,8.00/9.25,4.00,8.37,8.44,8.42,-,53.64,69.29,7.61,7.08,6.19,-,8.56
"May 4, 2012",4.75,24.00,5.40,76.59,21.65,30.39,67.30,8.00,7.00,9.00,9.00,9.75/10.50,8.00/9.25,4.00,8.37,8.44,-,8.31,53.72,70.65,8.04,7.37,6.59,-,8.63
"Apr. 27, 2012",4.75,24.00,-,-,-,-,-,8.00,7.00,9.00,9.00,10.00/10.75,8.50/9.25,4.00,8.36,8.39,8.38,-,52.68,69.38,9.00,7.82,7.21,-,8.65
"Apr. 20, 2012",4.75,24.00,5.90,76.52,5.79,30.13,63.40,8.00,7.00,9.00,9.00,10.00/10.75,8.50/9.25,4.00,8.47,8.31,-,8.17,52.00,68.40,8.42,7.69,7.00,-,8.54
"Apr. 13, 2012",4.75,24.00,-,-,-,-,-,8.50,7.50,9.50,9.50,10.00/10.75,8.50/9.25,4.00,8.87,8.77,8.57,-,51.42,67.67,8.28,7.70,7.00,-,8.47
"Apr. 6, 2012",4.75,24.00,5.30,76.96,42.99,29.69,38.52,8.50,7.50,9.50,9.50,10.00/10.75,8.50/9.25,4.00,9.27,8.81,-,8.34,51.05,67.39,8.34,7.76,6.93,-,8.69
"Mar. 30, 2012",4.75,24.00,-,-,-,-,-,8.50,7.50,9.50,9.50,10.00/10.75,8.50/9.25,4.00,9.95,9.02,8.66,-,51.16,68.34,8.68,7.66,6.80,-,8.57
"Mar. 23, 2012",4.75,24.00,6.08,78.05,78.05,29.41,29.41,8.50,7.50,9.50,9.50,10.00/10.75,8.50/9.25,4.00,9.01,8.98,-,8.40,50.91,67.40,10.61,8.72,7.58,-,8.38
"Mar. 16, 2012",4.75,24.00,-,-,-,-,-,8.50,7.50,9.50,9.50,10.00/10.75,8.50/9.25,4.00,8.90,8.98,8.66,-,50.31,65.83,9.54,8.59,7.51,-,8.42
"Mar. 9, 2012",5.50,24.00,5.90,76.26,76.26,30.02,30.02,8.50,7.50,9.50,9.50,10.00/10.75,8.50/9.25,4.00,8.84,9.06,-,8.45,50.02,66.18,9.96,8.72,7.44,-,8.28
"Mar. 2, 2012",5.50,24.00,-,-,-,-,-,8.50,7.50,9.50,9.50,10.00/10.75,8.50/9.25,4.00,8.97,9.06,8.75,-,49.35,65.63,10.33,8.51,7.25,-,8.22
"Feb. 24, 2012",5.50,24.00,5.99,75.76,76.32,30.00,39.88,8.50,7.50,9.50,9.50,10.00/10.75,8.50/9.25,4.00,8.73,9.02,-,8.51,49.07,65.57,8.93,8.44,7.34,-,8.23
"Feb. 17, 2012",5.50,24.00,-,-,-,-,-,8.50,7.50,9.50,9.50,10.00/10.75,8.50/9.25,4.00,8.81,8.94,8.66,-,49.21,64.58,8.53,8.21,7.19,-,8.19
"Feb. 10, 2012",5.50,24.00,6.20,75.50,73.85,29.84,38.65,8.50,7.50,9.50,6.00,10.00/10.75,8.25/9.25,4.00,8.69,8.90,-,8.51,49.64,65.80,8.46,8.14,7.09,-,8.19
"Feb. 3, 2012",5.50,24.00,-,-,-,-,-,8.50,7.50,9.50,6.00,10.00/10.75,8.25/9.25,4.00,8.99,8.81,8.66,-,48.96,64.40,8.09,7.92,6.74,-,8.16
"Jan. 27, 2012",6.00,24.00,7.02,75.41,72.81,29.30,33.66,8.50,7.50,9.50,6.00,10.00/10.75,8.25/9.25,4.00,8.98,8.73,-,8.47,49.65,65.05,8.94,8.78,7.61,-,8.35
"Jan. 20, 2012",6.00,24.00,-,-,-,-,-,8.50,7.50,9.50,6.00,10.00/10.75,8.25/9.25,4.00,9.12,8.65,8.55,-,50.33,65.31,9.78,8.66,7.31,-,8.18
"Jan. 13, 2012",6.00,24.00,6.78,75.10,69.58,29.16,32.16,8.50,7.50,9.50,6.00,10.00/10.75,8.25/9.25,4.00,8.68,8.56,-,8.20,51.43,66.17,8.63,7.62,6.69,-,8.19
"Jan. 6, 2012",6.00,24.00,-,-,-,-,-,8.50,7.50,9.50,6.00,10.00/10.75,8.25/9.25,4.00,8.79,8.52,8.42,-,52.78,67.46,7.50,6.67,6.03,-,8.22
"Dec. 30, 2011",6.00,24.00,6.66,74.87,68.02,29.06,30.93,8.50,7.50,9.50,6.00,10.00/10.75,8.25/9.25,4.00,9.10,8.48,-,8.35,53.26,68.90,8.11,6.76,6.23,-,8.56
"Dec. 23, 2011",6.00,24.00,-,-,-,-,-,8.50,7.50,9.50,6.00,10.00/10.75,8.25/9.25,4.00,9.53,8.39,8.27,-,52.72,68.90,8.65,7.36,6.45,-,-
"Dec. 16, 2011",6.00,24.00,6.82,75.20,69.66,29.60,38.10,8.50,7.50,9.50,6.00,10.00/10.75,8.25/9.25,4.00,8.66,8.48,-,8.26,52.81,68.81,7.73,6.85,6.12,-,-
"Dec. 9, 2011",6.00,24.00,-,-,-,-,-,8.50,7.50,9.50,6.00,10.00/10.75,8.25/9.25,4.00,8.58,8.60,8.51,-,52.23,69.60,7.35,5.97,5.55,-,-
"Dec. 2, 2011",6.00,24.00,6.73,74.15,58.29,30.54,48.12,8.50,7.50,9.50,6.00,10.00/10.75,8.25/9.25,4.00,8.54,8.81,-,8.45,51.35,69.14,7.01,5.30,4.77,-,-
"Nov. 25, 2011",6.00,24.00,-,-,-,-,-,8.50,7.50,9.50,6.00,10.00/10.75,8.25/9.25,4.00,8.67,8.86,8.84,-,52.17,69.43,6.33,4.56,3.62,-,-
"Nov. 18, 2011",6.00,24.00,7.02,74.12,55.64,30.30,47.50,8.50,7.50,9.50,6.00,10.00/10.75,8.25/9.25,4.00,8.58,8.90,8.95,8.85,51.35,69.26,6.31,4.67,3.89,-,-
"Nov. 11, 2011",6.00,24.00,-,-,-,-,-,8.50,7.50,9.50,6.00,10.00/10.75,8.25/9.25,4.00,8.60,8.86,8.95,8.74,50.28,68.45,6.56,5.41,4.26,-,-
"Nov. 4, 2011",6.00,24.00,-,-,-,-,-,8.50,7.50,9.50,6.00,10.00/10.75,-,-,8.47,-,-,-,-,-,-,-,-,-,-
"Oct. 28, 2011",6.00,24.00,-,-,-,-,-,8.50,7.50,9.50,6.00,10.00/10.75,-,-,8.41,-,-,-,-,-,-,-,-,-,-
"Oct. 21, 2011",6.00,24.00,-,-,-,-,-,8.25,7.25,9.25,6.00,10.00/10.75,-,-,8.26,-,-,-,-,-,-,-,-,-,-
"Oct. 14, 2011",6.00,24.00,-,-,-,-,-,8.25,7.25,9.25,6.00,10.00/10.75,-,-,8.27,-,-,-,-,-,-,-,-,-,-
"Oct. 7, 2011",6.00,24.00,-,-,-,-,-,8.25,7.25,9.25,6.00,10.00/10.75,-,-,8.04,-,-,-,-,-,-,-,-,-,-
"Sep. 30, 2011",6.00,24.00,-,-,-,-,-,8.25,7.25,9.25,6.00,10.00/10.75,-,-,8.27,-,-,-,-,-,-,-,-,-,-
"Sep. 23, 2011",6.00,24.00,-,-,-,-,-,8.25,7.25,9.25,6.00,10.00/10.75,-,-,8.25,-,-,-,-,-,-,-,-,-,-
"Sep. 16, 2011",6.00,24.00,-,-,-,-,-,8.25,7.25,9.25,6.00,10.00/10.75,-,-,8.03,-,-,-,-,-,-,-,-,-,-
"Sep. 9, 2011",6.00,24.00,-,-,-,-,-,8.00,7.00,9.00,6.00,10.00/10.75,-,-,7.94,-,-,-,-,-,-,-,-,-,-
"Sep. 2, 2011",6.00,24.00,-,-,-,-,-,8.00,7.00,9.00,6.00,10.00/10.75,-,-,8.01,-,-,-,-,-,-,-,-,-,-
"Aug. 26, 2011",6.00,24.00,-,-,-,-,-,8.00,7.00,9.00,6.00,10.00/10.75,-,-,7.96,-,-,-,-,-,-,-,-,-,-
"Aug. 19, 2011",6.00,24.00,-,-,-,-,-,8.00,7.00,9.00,6.00,10.00/10.75,-,-,7.98,-,-,-,-,-,-,-,-,-,-
"Aug. 12, 2011",6.00,24.00,-,-,-,-,-,8.00,7.00,9.00,6.00,9.50/10.75,-,-,7.97,-,-,-,-,-,-,-,-,-,-
"Aug. 5, 2011",6.00,24.00,-,-,-,-,-,8.00,7.00,9.00,6.00,9.50/10.75,-,-,7.97,-,-,-,-,-,-,-,-,-,-
"Jul. 29, 2011",6.00,24.00,-,-,-,-,-,8.00,7.00,9.00,6.00,9.50/10.75,-,-,7.82,-,-,-,-,-,-,-,-,-,-
"Jul. 22, 2011",6.00,24.00,-,-,-,-,-,7.50,6.50,9.00,6.00,9.50/10.25,-,-,7.62,-,-,-,-,-,-,-,-,-,-
"Jul. 15, 2011",6.00,24.00,-,-,-,-,-,7.50,6.50,8.50,6.00,9.50/10.25,-,-,7.57,-,-,-,-,-,-,-,-,-,-
"Jul. 8, 2011",6.00,24.00,-,-,-,-,-,7.50,6.50,8.50,6.00,9.25/10.25,-,-,7.49,-,-,-,-,-,-,-,-,-,-
"Jul. 1, 2011",6.00,24.00,-,-,-,-,-,7.50,6.50,8.50,6.00,9.25/10.00,-,-,7.57,-,-,-,-,-,-,-,-,-,-
"Jun. 24, 2011",6.00,24.00,-,-,-,-,-,7.50,6.50,8.50,6.00,9.25/10.00,-,-,7.67,-,-,-,-,-,-,-,-,-,-
"Jun. 17, 2011",6.00,24.00,-,-,-,-,-,7.50,6.50,8.50,6.00,9.25/10.00,-,-,7.40,-,-,-,-,-,-,-,-,-,-
"Jun. 10, 2011",6.00,24.00,-,-,-,-,-,7.25,6.50,8.25,6.00,9.25/10.00,-,-,7.36,-,-,-,-,-,-,-,-,-,-
"Jun. 3, 2011",6.00,24.00,-,-,-,-,-,7.25,6.50,8.25,6.00,9.25/10.00,-,-,7.30,-,-,-,-,-,-,-,-,-,-
"May 27, 2011",6.00,24.00,-,-,-,-,-,7.25,6.50,8.25,6.00,9.25/10.00,-,-,7.40,-,-,-,-,-,-,-,-,-,-
"May 20, 2011",6.00,24.00,-,-,-,-,-,7.25,6.50,8.25,6.00,9.25/10.00,-,-,7.35,-,-,-,-,-,-,-,-,-,-
"May 13, 2011",6.00,24.00,-,-,-,-,-,7.25,6.50,8.25,6.00,9.25/10.00,-,-,7.39,-,-,-,-,-,-,-,-,-,-
"May 6, 2011",6.00,24.00,-,-,-,-,-,7.25,6.50,8.25,6.00,8.50/10.00,-,-,6.75,-,-,-,-,-,-,-,-,-,-
"Apr. 29, 2011",6.00,24.00,-,-,-,-,-,6.75,5.75,-,6.00,8.50/9.50,-,-,6.87,-,-,-,-,-,-,-,-,-,-
"Apr. 22, 2011",6.00,24.00,-,-,-,-,-,6.75,5.75,-,6.00,8.25/9.50,-,-,6.40,-,-,-,-,-,-,-,-,-,-
"Apr. 15, 2011",6.00,24.00,-,-,-,-,-,6.75,5.75,-,6.00,8.25/9.50,-,-,6.77,-,-,-,-,-,-,-,-,-,-
"Apr. 8, 2011",6.00,24.00,-,-,-,-,-,6.75,5.75,-,6.00,8.25/9.50,-,-,6.22,-,-,-,-,-,-,-,-,-,-
"Apr. 1, 2011",6.00,24.00,-,-,-,-,-,6.75,5.75,-,6.00,8.25/9.50,-,-,7.60,-,-,-,-,-,-,-,-,-,-
,,,,,,,,,,,,,,,,,,,,,,,,,
